EXP_INFO, , ,Checkpoint,ckpt/0301/00_Norm2d3d_NoAug, , ,Config,configs/03_train_on_non_AR_ICL/01_func333_model06_T16_DataTask00.yaml, , ,Arg,"train.py --config configs/03_train_on_non_AR_ICL/01_func333_model06_T16_DataTask00.yaml -c ckpt/0301/00_Norm2d3d_NoAug -gpu 6,7 -bs 384", , ,PID,4078092
 , , , , , , , , , , , , , , , , 
Epoch,lr,train_loss,H36M_3D, , , , , , , , , , , , , , , , , , , , , , , , , , , , , ,AMASS, , , , , , , , , , , , , , , , ,PW3D_MESH, , , , , , , , , , , , , , , , 
 , , ,PE, , , , , , , , , , , , , , , ,MP, , , , ,FPE, , , , ,MC, ,MIB, ,PE, , ,MP, , , , ,FPE, , , , ,MC, ,MIB, ,PE, , ,MP, , , , ,FPE, , , , ,MC, ,MIB, 
 , , ,Avg,Direction,Discuss,Eating,Greet,Phone,Photo,Pose,Purchase,Sitting,SittingDown,Smoke,Wait,Walk,WalkDog,WalkTwo,Avg,0,5,10,15,Avg,0,5,10,15,Avg,0.4,Avg,0.4,Avg,0,15,Avg,0,5,10,15,Avg,0,5,10,15,Avg,0.4,Avg,0.4,Avg,0,15,Avg,0,5,10,15,Avg,0,5,10,15,Avg,0.4,Avg,0.4
1,0.00020000,0.35004,81.42,66.56,72.66,75.79,79.95,75.86,100.9,71.95,79.53,89.41,116.74,75.48,77.43,73.3,88.24,77.5,25.25,33.59,27.95,22.06,17.39,42.04,37.05,39.96,43.67,47.46,64.37,64.37,111.03,111.03,67.2,79.88,54.52,67.86,91.66,76.46,59.38,43.94,77.47,57.71,70.65,84.64,96.86,120.19,120.19,155.52,155.52,196.92,200.12,193.72,84.95,107.47,95.55,77.99,58.8,201.02,195.01,198.61,203.21,207.24,157.65,157.65,223.49,223.49
2,0.00019800,0.16682,71.29,59.88,66.97,66.74,67.6,70.14,85.04,62.57,68.31,77.49,96.79,70.0,66.25,66.0,78.23,67.38,20.96,28.9,22.67,16.72,15.56,38.25,32.59,35.83,40.12,44.45,45.53,45.53,141.27,141.27,59.28,71.67,46.88,54.26,79.33,60.42,41.18,36.12,70.47,51.63,63.03,77.26,89.96,84.23,84.23,283.55,283.55,190.38,194.49,186.27,78.11,105.68,88.68,65.82,52.25,195.1,188.11,192.11,197.66,202.51,130.03,130.03,263.23,263.23
3,0.00019602,0.13614,61.69,51.79,57.31,56.74,57.34,62.23,75.26,53.58,60.31,71.43,85.09,61.05,58.48,53.26,67.1,54.35,15.48,23.0,16.68,11.64,10.61,33.93,29.49,31.31,35.26,39.66,40.55,40.55,69.14,69.14,44.59,48.49,40.68,43.09,65.88,45.53,30.28,30.68,62.8,49.97,53.03,66.95,81.25,75.11,75.11,156.47,156.47,201.9,208.23,195.57,71.06,98.07,80.91,58.78,46.48,203.12,196.65,199.62,205.51,210.69,112.6,112.6,149.03,149.03
4,0.00019406,0.11667,59.62,50.43,57.31,53.27,55.63,59.3,72.09,53.81,58.64,69.31,83.83,59.4,58.04,48.29,63.1,51.81,12.67,20.1,14.01,9.25,7.31,33.0,29.36,30.78,33.81,38.05,36.54,36.54,91.52,91.52,35.76,37.01,34.51,33.71,55.48,36.19,23.5,19.66,53.74,44.57,46.51,54.43,69.47,64.24,64.24,179.86,179.86,194.86,200.1,189.61,65.28,96.15,76.43,51.93,36.63,195.17,189.25,192.19,197.14,202.08,109.16,109.16,176.13,176.13
5,0.00019212,0.10550,56.89,49.35,54.68,54.09,53.45,57.36,70.57,50.32,54.48,66.2,77.28,56.48,54.72,44.61,60.36,49.36,11.26,18.14,12.41,8.04,6.47,31.15,27.33,29.06,32.07,36.12,36.0,36.0,100.12,100.12,33.19,34.79,31.59,27.46,47.02,30.11,18.8,13.92,47.58,37.3,41.13,49.05,62.84,61.59,61.59,283.11,283.11,195.09,199.61,190.56,65.54,95.93,75.9,52.5,37.82,196.81,191.43,194.17,198.46,203.19,109.39,109.39,211.04,211.04
6,0.00019020,0.09613,55.85,45.85,54.59,49.41,51.18,57.41,68.19,50.44,52.19,68.07,80.34,56.13,54.85,43.68,58.59,46.89,12.49,18.9,13.56,9.54,7.95,30.95,27.17,28.91,31.98,35.75,34.51,34.51,88.34,88.34,34.6,35.07,34.13,32.77,48.66,34.82,25.64,21.97,48.77,39.7,43.24,50.43,61.71,58.98,58.98,222.9,222.9,184.06,187.36,180.75,63.99,94.34,74.41,51.22,36.0,187.64,182.16,184.79,189.51,194.11,104.5,104.5,222.65,222.65
7,0.00018830,0.09020,55.69,47.52,53.96,52.85,51.81,57.38,68.78,50.05,54.12,66.03,76.3,56.24,53.58,41.8,57.31,47.68,11.72,17.78,12.79,8.87,7.45,30.82,27.31,28.93,31.75,35.3,33.71,33.71,112.04,112.04,29.95,30.51,29.39,30.11,44.7,32.23,23.29,20.24,44.29,35.7,38.88,46.15,56.43,59.94,59.94,303.2,303.2,195.23,198.11,192.35,62.77,93.91,74.31,49.98,32.86,198.91,194.54,196.33,200.44,204.33,116.73,116.73,274.8,274.8
8,0.00018641,0.08464,53.18,45.5,51.81,48.71,48.07,55.6,67.2,46.94,49.6,64.03,73.67,54.15,50.59,41.31,55.15,45.4,9.74,16.23,11.03,6.81,4.88,29.38,25.77,27.42,30.36,33.98,31.86,31.86,139.87,139.87,25.7,25.81,25.59,23.69,40.65,27.01,16.44,10.66,37.95,29.2,32.41,39.78,50.39,51.64,51.64,341.9,341.9,193.52,197.42,189.62,59.74,91.78,71.95,46.71,28.51,195.12,190.58,192.26,196.51,201.12,108.31,108.31,300.27,300.27
9,0.00018455,0.08078,51.94,46.0,51.75,46.63,48.92,54.07,64.02,47.72,48.43,62.53,72.16,52.27,51.16,39.08,52.36,41.94,9.17,15.96,10.49,6.11,4.13,29.6,26.22,27.79,30.49,33.91,31.21,31.21,166.88,166.88,26.47,26.95,25.99,22.58,39.6,26.41,15.27,9.04,39.82,31.57,35.22,41.62,50.89,50.58,50.58,301.25,301.25,191.32,193.68,188.96,63.46,93.11,74.26,51.7,34.77,196.3,192.32,193.4,197.47,202.0,106.38,106.38,352.93,352.93
10,0.00018270,0.07695,52.13,45.86,51.92,48.22,47.38,53.69,66.23,46.57,47.49,62.92,74.86,52.48,50.22,38.55,52.42,43.14,8.91,15.26,10.16,5.98,4.25,29.75,26.41,27.97,30.64,33.98,30.51,30.51,154.52,154.52,23.64,23.93,23.36,21.26,36.28,24.61,14.61,9.54,38.49,30.56,33.39,40.22,49.78,49.61,49.61,345.64,345.64,188.16,190.27,186.04,62.7,93.02,74.25,50.8,32.72,193.08,189.12,190.37,194.27,198.56,109.98,109.98,353.54,353.54
11,0.00018088,0.07363,50.85,44.26,51.24,46.95,46.15,53.25,62.43,45.7,47.51,60.39,70.71,52.26,48.18,39.73,52.21,41.75,8.58,14.97,9.9,5.75,3.72,28.23,24.7,26.33,29.15,32.72,29.96,29.96,153.91,153.91,22.44,22.72,22.15,20.37,34.98,23.58,14.03,8.9,34.25,25.56,29.03,36.61,45.82,47.11,47.11,309.37,309.37,192.22,194.85,189.6,63.82,94.08,74.72,51.87,34.62,194.96,191.07,192.17,195.96,200.66,105.72,105.72,330.74,330.74
13,0.00017728,0.06830,49.87,44.12,49.69,45.32,44.7,51.44,61.51,45.33,45.98,58.82,71.06,50.78,48.03,37.77,51.74,41.77,8.45,14.74,9.71,5.61,3.74,28.1,24.57,26.25,29.06,32.52,29.72,29.72,143.93,143.93,21.76,21.74,21.77,21.37,35.61,24.78,15.3,9.78,35.0,26.93,30.34,37.05,45.66,47.5,47.5,261.89,261.89,194.26,196.93,191.59,64.11,92.35,74.03,52.73,37.33,195.29,191.24,192.55,196.38,200.99,109.58,109.58,327.16,327.16
15,0.00017375,0.06416,51.34,44.94,50.92,46.78,46.58,53.04,65.43,47.08,47.58,60.96,72.8,52.6,50.19,38.56,51.42,41.26,8.54,14.53,9.72,5.82,4.1,28.48,25.11,26.66,29.37,32.79,28.91,28.91,157.87,157.87,21.28,21.28,21.29,18.65,32.83,21.85,12.58,7.35,33.57,25.93,28.92,35.38,44.06,45.36,45.36,272.72,272.72,189.68,192.07,187.28,64.4,91.63,74.76,54.23,36.99,192.98,188.62,190.29,194.41,198.58,110.0,110.0,347.43,347.43
17,0.00017029,0.06075,50.99,44.84,50.69,47.46,46.64,53.17,65.02,46.99,46.4,60.2,70.64,51.65,49.35,38.99,50.37,42.4,7.9,13.93,9.13,5.15,3.39,28.17,24.76,26.36,29.09,32.46,28.57,28.57,108.78,108.78,21.29,21.38,21.19,19.04,32.84,22.21,13.14,7.99,31.46,23.28,26.65,33.51,42.4,45.77,45.77,182.13,182.13,195.77,198.38,193.16,62.4,92.4,73.19,51.13,32.89,197.8,194.23,195.48,198.98,202.51,111.04,111.04,256.11,256.11
19,0.00016690,0.05743,50.08,43.92,50.27,45.4,45.43,51.9,64.04,46.19,45.89,59.16,69.98,50.9,49.0,36.92,50.87,41.4,7.57,13.61,8.79,4.88,3.01,27.95,24.59,26.16,28.86,32.19,28.14,28.14,115.19,115.19,19.78,19.93,19.64,17.84,32.33,21.23,11.79,6.02,33.97,26.26,29.26,35.78,44.59,43.19,43.19,228.03,228.03,194.75,197.97,191.54,62.35,91.04,72.09,51.84,34.43,195.96,191.94,193.51,197.22,201.16,110.62,110.62,320.76,320.76
21,0.00016358,0.05485,49.73,44.95,49.71,46.08,44.76,51.33,63.29,45.61,47.45,59.16,67.32,50.98,48.16,36.56,50.96,39.68,7.2,13.36,8.56,4.5,2.39,27.8,24.39,25.99,28.71,32.13,28.03,28.03,132.08,132.08,20.48,20.73,20.22,16.87,31.26,20.43,11.06,4.72,30.39,22.35,25.6,32.45,41.17,42.56,42.56,207.3,207.3,198.08,202.12,194.04,85.59,99.52,90.26,81.32,71.26,197.64,193.97,195.18,198.69,202.74,108.52,108.52,334.89,334.89
23,0.00016033,0.05267,49.63,44.84,49.66,46.5,44.93,51.13,62.46,46.76,46.09,58.6,70.23,49.75,47.99,36.51,49.76,39.17,7.51,13.46,8.72,4.81,3.03,27.78,24.41,26.0,28.68,32.05,28.45,28.45,102.81,102.81,20.19,20.32,20.07,17.55,31.59,20.92,11.68,5.99,29.22,21.06,24.34,31.39,40.08,42.18,42.18,219.54,219.54,195.74,199.52,191.96,71.53,95.18,80.52,63.52,46.9,195.82,192.43,193.52,196.64,200.7,109.58,109.58,283.61,283.61
25,0.00015714,0.05043,50.09,44.3,50.02,47.58,45.41,51.01,63.49,46.22,46.95,58.19,69.25,50.6,48.7,37.54,51.49,40.62,7.13,13.16,8.43,4.48,2.46,27.6,24.19,25.79,28.52,31.9,28.26,28.26,79.64,79.64,18.66,18.8,18.52,17.76,31.14,20.79,12.2,6.92,27.91,19.7,23.05,29.98,38.92,42.42,42.42,196.18,196.18,201.26,205.14,197.39,68.86,96.18,77.84,59.51,41.89,199.15,195.62,196.61,200.0,204.38,112.63,112.63,234.64,234.64
27,0.00015401,0.04862,48.94,44.75,48.85,46.04,44.55,50.51,62.0,45.33,44.56,57.36,67.42,50.2,47.09,36.54,49.18,39.71,7.07,13.16,8.42,4.38,2.32,27.59,24.17,25.79,28.51,31.91,28.02,28.02,82.4,82.4,19.73,20.02,19.44,16.79,30.18,20.01,11.33,5.64,30.04,22.32,25.44,31.91,40.47,41.42,41.42,192.6,192.6,197.24,200.84,193.65,64.78,95.1,75.09,53.57,35.34,196.92,193.15,194.53,197.89,202.08,109.02,109.02,228.51,228.51
29,0.00015094,0.04693,49.31,43.9,48.91,46.31,44.26,51.23,62.33,45.85,46.05,58.32,68.16,50.13,47.66,36.97,49.62,39.9,6.91,12.85,8.16,4.23,2.39,27.5,24.07,25.68,28.42,31.82,27.91,27.91,97.01,97.01,18.88,18.96,18.8,16.44,30.05,19.75,10.8,5.16,28.2,20.18,23.48,30.36,38.79,40.53,40.53,254.45,254.45,201.14,205.17,197.11,71.12,96.34,79.39,62.62,46.11,198.29,194.77,195.54,199.28,203.59,112.54,112.54,258.98,258.98
31,0.00014794,0.04533,48.79,43.31,49.07,45.36,44.28,50.9,62.57,44.74,44.25,57.49,68.02,49.29,47.62,36.01,49.27,39.62,6.73,12.88,8.14,4.06,1.82,27.21,23.74,25.37,28.15,31.59,27.5,27.5,86.63,86.63,18.75,18.95,18.56,16.1,29.95,19.56,10.46,4.43,27.89,20.0,23.29,29.94,38.33,40.8,40.8,237.76,237.76,200.2,204.08,196.31,66.81,93.26,77.12,58.42,38.43,198.19,194.08,195.65,199.5,203.52,109.52,109.52,223.95,223.95
33,0.00014500,0.04410,49.49,42.77,48.96,46.72,44.42,51.54,64.21,45.21,45.75,58.75,68.17,50.36,48.26,36.87,50.37,39.97,7.04,13.06,8.35,4.37,2.39,27.45,24.03,25.64,28.38,31.75,28.24,28.24,102.72,102.72,20.35,20.63,20.07,17.0,30.55,20.09,11.37,5.99,28.32,20.48,23.72,30.36,38.7,41.08,41.08,212.56,212.56,198.64,201.89,195.38,72.22,95.5,79.7,64.82,48.87,196.86,192.63,194.32,198.16,202.34,108.97,108.97,269.42,269.42
35,0.00014211,0.04259,49.88,44.8,50.57,45.59,45.94,51.61,62.08,47.02,45.71,57.52,68.52,50.62,48.32,37.88,50.58,41.42,6.5,12.62,7.9,3.81,1.65,27.2,23.67,25.34,28.17,31.64,27.9,27.9,95.5,95.5,18.86,18.93,18.8,15.35,29.03,18.85,9.86,3.64,27.32,19.44,22.81,29.39,37.66,41.03,41.03,197.49,197.49,200.4,204.61,196.19,75.34,97.09,83.38,68.41,52.47,196.28,192.1,193.62,197.56,201.82,110.07,110.07,253.83,253.83
37,0.00013928,0.04154,48.88,44.6,48.78,45.48,44.26,50.21,63.24,45.65,44.25,57.04,67.09,50.15,47.4,36.32,49.43,39.29,6.92,12.86,8.2,4.27,2.36,27.35,23.89,25.5,28.29,31.72,27.63,27.63,67.64,67.64,18.75,18.76,18.73,15.66,28.83,19.02,10.37,4.43,28.17,20.58,23.74,30.14,38.2,40.12,40.12,255.19,255.19,198.46,201.92,194.99,70.37,96.67,78.65,61.42,44.75,196.7,193.37,194.19,197.61,201.65,112.25,112.25,180.3,180.3
39,0.00013651,0.04040,48.79,43.79,48.71,46.27,44.34,50.46,63.87,44.98,44.3,57.47,67.08,49.59,47.41,35.74,48.82,39.05,6.61,12.64,7.97,3.97,1.87,27.26,23.78,25.39,28.22,31.66,27.67,27.67,58.45,58.45,18.64,18.74,18.53,15.7,28.81,19.07,10.43,4.48,27.26,19.64,22.87,29.31,37.24,39.96,39.96,173.24,173.24,200.19,204.18,196.21,73.84,96.87,82.3,67.04,49.13,195.67,192.69,193.26,196.33,200.4,109.7,109.7,147.08,147.08
41,0.00013379,0.03932,49.81,44.97,50.3,47.46,45.58,51.37,62.68,46.78,45.01,57.09,68.17,50.56,48.89,37.81,49.81,40.61,6.54,12.59,7.92,3.92,1.72,27.18,23.65,25.3,28.16,31.61,27.73,27.73,69.81,69.81,18.85,18.95,18.76,15.36,28.74,18.84,10.05,3.8,26.98,19.16,22.47,29.07,37.21,39.1,39.1,190.4,190.4,203.25,207.59,198.92,77.77,98.1,85.01,71.94,56.05,197.77,193.37,195.12,199.04,203.55,113.28,113.28,181.37,181.37
43,0.00013113,0.03824,48.97,44.5,49.14,46.47,44.15,50.83,62.44,45.53,43.93,57.86,67.98,49.56,48.14,35.6,49.41,38.98,6.37,12.48,7.78,3.69,1.52,26.89,23.36,25.0,27.87,31.35,27.8,27.8,55.07,55.07,18.25,18.22,18.27,15.13,28.57,18.61,9.74,3.6,26.89,18.98,22.27,29.01,37.31,40.04,40.04,201.15,201.15,200.84,205.72,195.96,75.24,96.87,83.91,69.24,50.96,197.33,193.76,194.95,198.44,202.18,110.96,110.96,165.95,165.95
45,0.00012852,0.03751,48.71,44.88,48.69,46.41,44.21,50.64,62.08,45.44,43.93,57.09,67.26,49.44,47.22,35.85,48.91,38.69,6.43,12.54,7.84,3.8,1.53,27.06,23.58,25.18,27.99,31.48,27.54,27.54,71.43,71.43,17.75,17.77,17.73,15.53,29.11,19.1,10.1,3.8,26.54,18.5,21.95,28.72,37.01,39.6,39.6,214.9,214.9,202.48,206.48,198.49,72.49,95.64,81.11,65.82,47.4,197.77,193.35,195.0,199.08,203.65,107.59,107.59,211.59,211.59
47,0.00012596,0.03671,48.32,42.53,48.37,45.54,43.7,49.86,62.45,44.94,42.95,57.53,69.46,48.78,47.36,35.32,48.35,37.59,6.52,12.61,7.92,3.87,1.67,27.29,23.75,25.4,28.26,31.75,27.61,27.61,76.3,76.3,17.95,18.04,17.85,15.17,28.41,18.61,9.82,3.84,26.7,18.92,22.17,28.8,36.89,39.12,39.12,183.1,183.1,200.09,204.49,195.7,80.96,98.78,86.95,75.89,62.21,196.15,192.65,193.71,197.0,201.25,113.1,113.1,190.13,190.13
49,0.00012346,0.03594,48.82,43.7,48.57,45.6,44.57,50.68,63.03,45.61,44.94,56.7,67.97,49.45,47.49,36.04,49.33,38.68,6.51,12.61,7.93,3.84,1.67,26.83,23.25,24.93,27.82,31.33,27.75,27.75,65.01,65.01,17.94,17.96,17.91,15.42,28.96,18.88,9.94,3.9,27.25,19.24,22.64,29.45,37.67,39.52,39.52,205.85,205.85,200.93,204.84,197.01,76.27,97.74,84.26,69.99,53.07,196.28,192.14,193.6,197.52,201.87,112.92,112.92,156.52,156.52
51,0.00012100,0.03520,49.41,44.04,49.51,46.57,45.37,51.24,62.98,46.0,45.11,56.89,68.18,49.58,48.01,37.08,50.11,40.42,6.34,12.53,7.79,3.65,1.39,26.97,23.38,25.06,27.97,31.49,28.02,28.02,59.72,59.72,17.79,17.85,17.74,14.65,28.06,18.16,9.31,3.07,26.67,18.87,22.22,28.75,36.83,38.97,38.97,208.3,208.3,202.25,206.41,198.09,78.34,97.87,85.49,72.48,57.51,197.28,193.12,194.62,198.65,202.72,110.69,110.69,151.78,151.78
53,0.00011859,0.03456,48.67,42.94,48.67,45.23,44.51,50.33,62.23,45.26,44.81,56.83,67.4,49.84,47.09,36.4,48.95,39.54,6.34,12.44,7.73,3.69,1.51,26.83,23.3,24.95,27.8,31.28,27.51,27.51,50.67,50.67,17.55,17.65,17.44,14.81,27.93,18.15,9.54,3.61,27.6,19.87,23.17,29.65,37.71,39.52,39.52,225.2,225.2,202.49,207.16,197.83,83.68,99.35,89.45,79.67,66.25,198.84,195.04,196.32,200.01,203.98,113.07,113.07,139.34,139.34
55,0.00011623,0.03388,48.55,44.0,48.53,45.87,43.54,50.18,62.84,45.58,44.01,57.14,66.74,49.81,47.17,35.43,49.03,38.42,6.37,12.5,7.8,3.71,1.45,27.05,23.51,25.16,28.02,31.52,27.69,27.69,57.27,57.27,17.78,17.79,17.77,14.67,27.92,18.03,9.43,3.31,26.73,18.81,22.23,28.91,36.97,38.85,38.85,224.13,224.13,201.08,205.87,196.29,78.79,97.92,85.41,73.28,58.58,195.67,192.25,193.22,196.7,200.5,110.65,110.65,142.66,142.66
57,0.00011392,0.03325,48.17,43.51,47.97,45.94,43.41,49.65,61.54,44.91,43.52,56.31,66.95,49.16,46.87,35.46,48.76,38.59,6.55,12.67,7.92,3.86,1.75,27.01,23.41,25.09,28.0,31.56,27.57,27.57,48.37,48.37,18.69,18.72,18.67,15.13,28.02,18.34,9.85,4.3,27.09,19.29,22.58,29.18,37.3,38.54,38.54,172.28,172.28,200.67,204.67,196.67,78.92,97.68,85.97,73.84,58.18,198.0,194.42,195.53,199.18,202.89,110.21,110.21,135.03,135.03
59,0.00011165,0.03276,48.87,43.2,48.33,46.36,43.68,51.07,62.95,44.88,43.11,57.65,67.48,50.19,47.28,36.85,50.19,39.86,6.83,12.66,8.05,4.17,2.44,27.06,23.46,25.13,28.06,31.61,27.51,27.51,47.98,47.98,18.68,18.64,18.71,15.69,28.21,18.59,10.45,5.51,27.19,19.55,22.77,29.19,37.23,39.39,39.39,171.48,171.48,201.0,205.08,196.92,78.63,98.37,85.05,72.76,58.32,198.19,194.57,195.68,199.36,203.16,112.72,112.72,133.95,133.95
61,0.00010943,0.03205,49.15,43.91,48.55,46.65,45.02,50.52,64.04,45.5,44.82,57.41,68.14,49.8,47.92,36.74,49.07,39.13,6.33,12.46,7.77,3.65,1.44,26.91,23.3,24.95,27.89,31.49,27.5,27.5,47.25,47.25,17.87,18.02,17.72,14.58,27.84,18.08,9.26,3.14,26.5,18.61,22.03,28.63,36.71,38.65,38.65,169.34,169.34,202.96,206.77,199.15,76.81,97.66,84.29,70.39,54.91,198.52,194.78,196.01,199.63,203.64,110.21,110.21,127.56,127.56
63,0.00010725,0.03153,48.59,43.47,48.94,46.05,43.57,50.01,61.84,45.92,43.33,56.67,68.25,49.53,47.5,35.36,48.78,39.6,6.55,12.58,7.88,3.81,1.92,27.06,23.46,25.12,28.05,31.61,27.5,27.5,43.26,43.26,18.14,18.29,17.99,15.35,27.71,18.39,10.25,5.06,26.42,18.78,21.99,28.43,36.48,38.41,38.41,168.55,168.55,203.25,207.84,198.66,83.17,99.24,88.49,78.4,66.54,197.86,194.07,195.01,198.97,203.38,110.41,110.41,111.32,111.32
65,0.00010512,0.03092,48.23,43.11,48.52,45.68,43.35,50.01,61.66,45.56,43.35,56.28,67.19,49.27,47.21,35.85,48.31,38.06,6.49,12.53,7.87,3.8,1.76,26.89,23.24,24.94,27.89,31.48,27.45,27.45,64.75,64.75,17.94,17.96,17.93,14.69,27.49,18.03,9.51,3.71,26.07,18.38,21.67,28.14,36.1,38.27,38.27,172.76,172.76,201.74,205.68,197.8,78.0,98.6,85.49,71.66,56.24,198.05,194.54,195.41,198.99,203.26,111.33,111.33,177.23,177.23
67,0.00010303,0.03063,48.32,43.53,48.1,46.07,43.74,50.02,61.83,45.25,43.49,57.07,68.07,49.4,46.99,34.83,48.04,38.34,6.28,12.43,7.73,3.62,1.33,27.13,23.56,25.21,28.1,31.66,27.75,27.75,60.03,60.03,17.89,17.95,17.82,14.7,27.55,18.13,9.55,3.56,26.49,18.37,21.89,28.8,36.92,38.55,38.55,197.76,197.76,204.83,208.94,200.72,81.55,99.13,88.12,76.3,62.65,199.63,195.74,196.95,200.79,205.02,112.46,112.46,144.43,144.43
69,0.00010098,0.03002,48.26,43.08,48.08,46.01,43.26,49.73,61.89,45.07,43.37,57.22,68.54,49.32,46.77,34.84,48.11,38.56,6.39,12.5,7.8,3.72,1.55,27.33,23.75,25.4,28.3,31.85,27.64,27.64,62.81,62.81,18.2,18.24,18.16,14.49,27.4,17.93,9.35,3.29,27.28,19.66,22.91,29.35,37.22,38.51,38.51,194.0,194.0,201.59,205.62,197.56,78.64,97.88,86.23,72.84,57.6,197.25,193.65,194.72,198.39,202.24,111.21,111.21,159.93,159.93
71,0.00009897,0.02965,48.24,43.04,47.6,45.94,43.32,49.89,62.3,44.83,43.61,57.09,67.16,49.49,47.3,35.23,48.45,38.38,6.13,12.35,7.63,3.46,1.09,26.92,23.24,24.92,27.93,31.59,27.66,27.66,47.67,47.67,17.53,17.55,17.51,14.27,27.4,17.96,9.04,2.7,26.13,18.19,21.61,28.32,36.39,38.31,38.31,160.69,160.69,202.55,206.51,198.58,75.58,96.9,83.47,68.84,53.11,198.29,194.81,195.62,199.2,203.54,111.52,111.52,124.56,124.56
73,0.00009700,0.02915,48.69,43.68,48.64,45.91,44.02,50.16,62.41,45.96,44.3,56.54,67.21,49.17,47.65,35.88,48.38,40.39,6.26,12.37,7.67,3.59,1.41,26.87,23.2,24.89,27.87,31.52,27.6,27.6,52.21,52.21,17.43,17.53,17.34,14.57,27.38,17.96,9.47,3.48,25.91,18.08,21.48,28.07,36.02,38.18,38.18,200.49,200.49,202.73,206.61,198.86,81.18,98.66,87.83,76.19,62.06,198.35,194.89,195.63,199.33,203.54,111.59,111.59,130.95,130.95
75,0.00009507,0.02871,48.78,44.46,49.39,45.47,44.3,50.07,63.03,45.74,43.92,56.98,67.21,49.44,47.96,35.85,48.87,39.03,6.23,12.38,7.68,3.57,1.32,27.09,23.42,25.11,28.1,31.71,27.72,27.72,50.6,50.6,17.24,17.23,17.26,14.29,27.4,17.7,9.06,3.01,25.77,17.92,21.29,27.94,35.91,38.25,38.25,172.23,172.23,199.52,203.05,196.0,80.25,98.48,87.01,74.84,60.69,196.94,193.64,194.57,197.88,201.67,111.22,111.22,122.47,122.47
77,0.00009318,0.02842,48.1,43.28,48.24,45.67,43.2,50.12,61.8,44.92,43.68,56.15,66.8,49.31,47.07,34.83,48.38,37.98,6.23,12.4,7.68,3.54,1.29,26.9,23.23,24.93,27.91,31.53,27.6,27.6,51.69,51.69,17.9,17.94,17.87,14.49,27.44,17.84,9.25,3.44,26.58,18.74,22.06,28.72,36.78,38.32,38.32,183.05,183.05,204.04,208.03,200.04,79.59,98.66,86.29,73.83,59.57,199.33,195.82,196.91,200.3,204.27,112.99,112.99,117.63,117.63
79,0.00009132,0.02802,48.21,43.05,48.42,45.68,43.47,49.95,61.93,44.72,43.65,56.05,66.82,49.0,46.98,35.83,48.5,39.14,6.29,12.42,7.7,3.61,1.45,26.94,23.25,24.96,27.95,31.6,27.76,27.76,46.68,46.68,17.22,17.25,17.19,14.61,27.39,17.85,9.48,3.74,25.65,17.86,21.16,27.77,35.83,38.35,38.35,183.38,183.38,202.32,206.74,197.9,83.35,99.4,89.05,78.49,66.45,198.47,195.29,196.02,199.35,203.22,111.67,111.67,117.66,117.66
81,0.00008950,0.02768,48.58,43.6,48.62,46.06,43.68,50.25,61.9,45.26,44.26,57.05,68.3,49.36,47.66,35.6,48.08,39.1,6.29,12.41,7.7,3.6,1.45,27.06,23.36,25.06,28.08,31.74,27.82,27.82,53.0,53.0,17.42,17.43,17.4,14.52,27.46,17.94,9.28,3.42,25.99,18.22,21.51,28.12,36.11,38.23,38.23,164.42,164.42,198.97,202.26,195.68,86.18,100.05,91.42,82.15,71.09,198.43,195.45,196.12,199.3,202.85,111.2,111.2,137.57,137.57
83,0.00008772,0.02737,47.79,42.99,47.85,44.91,42.93,49.38,61.72,44.5,42.43,56.54,66.91,49.06,46.71,35.05,47.74,38.09,6.1,12.35,7.63,3.44,0.98,27.02,23.31,25.02,28.04,31.7,27.74,27.74,52.62,52.62,17.1,17.15,17.06,13.92,26.93,17.49,8.82,2.42,25.67,17.75,21.18,27.83,35.92,37.88,37.88,226.18,226.18,199.81,203.11,196.51,80.67,98.5,88.0,75.62,60.58,197.58,193.99,194.88,198.61,202.85,111.56,111.56,126.59,126.59
85,0.00008598,0.02700,48.56,43.72,48.72,45.76,43.7,50.21,62.64,45.44,43.66,56.64,66.93,49.5,47.53,35.98,48.75,39.28,6.14,12.32,7.62,3.48,1.14,27.02,23.28,25.0,28.04,31.76,27.58,27.58,50.7,50.7,17.39,17.42,17.36,14.32,27.25,17.7,9.12,3.19,25.94,18.05,21.47,28.09,36.16,38.03,38.03,210.32,210.32,199.03,202.75,195.31,82.75,99.28,89.05,78.04,64.61,196.4,193.05,194.08,197.39,201.09,112.25,112.25,133.19,133.19
87,0.00008427,0.02671,48.01,42.94,48.24,45.38,43.19,49.9,61.9,45.19,43.44,56.38,67.14,49.11,47.21,34.63,47.68,37.78,6.17,12.39,7.66,3.48,1.14,27.1,23.36,25.07,28.12,31.86,27.58,27.58,43.3,43.3,17.57,17.63,17.5,14.0,26.97,17.48,8.84,2.72,26.02,18.09,21.55,28.25,36.19,37.96,37.96,187.64,187.64,202.57,206.48,198.65,80.04,98.77,87.35,74.69,59.35,198.77,195.02,196.04,199.78,204.25,112.01,112.01,104.07,104.07
89,0.00008259,0.02630,48.59,43.99,48.47,45.89,43.89,50.22,62.81,45.53,43.53,56.75,67.41,49.46,47.61,35.85,48.13,39.31,6.12,12.36,7.62,3.45,1.06,27.02,23.32,25.02,28.05,31.72,27.56,27.56,50.01,50.01,17.56,17.61,17.52,14.04,26.96,17.56,8.9,2.74,25.89,17.98,21.39,28.04,36.14,38.33,38.33,162.15,162.15,200.67,204.19,197.16,76.93,97.19,84.68,70.8,55.05,198.61,194.94,195.83,199.63,204.02,111.11,111.11,118.26,118.26
91,0.00008095,0.02617,48.02,42.87,48.29,45.63,42.7,49.79,61.93,45.07,43.75,56.31,67.52,49.2,47.22,34.68,47.77,37.56,6.15,12.33,7.63,3.47,1.17,27.09,23.38,25.09,28.11,31.78,27.62,27.62,43.4,43.4,17.67,17.69,17.66,13.98,26.93,17.47,8.84,2.66,26.02,18.2,21.58,28.17,36.12,38.45,38.45,201.98,201.98,203.49,207.53,199.46,78.05,96.86,85.32,72.74,57.27,198.76,195.08,196.24,199.76,203.96,112.14,112.14,111.66,111.66
93,0.00007934,0.02581,48.32,42.79,48.32,45.75,43.19,49.84,62.12,44.89,43.92,56.79,67.94,49.34,47.5,35.69,48.48,38.28,6.11,12.33,7.61,3.44,1.07,27.08,23.29,25.02,28.12,31.89,27.83,27.83,46.89,46.89,17.03,17.05,17.02,13.99,27.26,17.53,8.75,2.42,25.68,17.64,21.09,27.89,36.09,38.37,38.37,175.62,175.62,199.77,203.35,196.2,79.9,98.28,86.99,74.39,59.93,197.42,193.93,194.64,198.35,202.75,111.78,111.78,127.83,127.83
95,0.00007776,0.02549,48.92,44.01,48.75,46.47,43.84,50.35,62.24,45.76,44.51,57.19,67.2,49.78,48.21,36.8,49.48,39.19,6.11,12.31,7.59,3.42,1.11,26.96,23.23,24.94,27.99,31.71,27.71,27.71,47.37,47.37,17.36,17.39,17.33,14.17,27.5,17.72,8.9,2.55,25.91,17.96,21.36,28.09,36.21,38.22,38.22,208.54,208.54,199.76,203.2,196.32,79.52,98.02,86.64,73.94,59.47,198.48,194.97,196.03,199.43,203.49,111.63,111.63,110.04,110.04
97,0.00007621,0.02517,48.52,43.79,48.4,46.06,43.6,50.07,62.17,45.42,43.43,56.82,67.57,49.63,47.37,36.19,48.2,39.11,6.3,12.49,7.71,3.58,1.4,27.11,23.27,25.04,28.16,31.98,27.85,27.85,49.43,49.43,17.78,17.81,17.75,14.47,27.4,17.77,9.21,3.49,26.55,18.73,22.05,28.66,36.74,38.5,38.5,257.87,257.87,201.59,205.49,197.7,81.39,99.14,88.59,75.8,62.01,198.35,194.77,195.66,199.42,203.55,112.24,112.24,115.7,115.7
99,0.00007469,0.02498,48.29,43.81,48.13,45.72,43.0,50.23,61.91,45.18,43.18,56.73,67.46,49.59,47.31,35.1,48.15,38.89,6.2,12.37,7.65,3.49,1.31,27.18,23.36,25.08,28.22,32.06,27.73,27.73,49.46,49.46,17.35,17.38,17.32,14.18,27.03,17.48,8.95,3.27,25.88,17.99,21.34,28.03,36.15,38.42,38.42,210.37,210.37,199.4,202.76,196.04,81.4,98.68,87.92,76.14,62.86,197.3,194.08,194.61,198.07,202.43,111.17,111.17,112.84,112.84
101,0.00007321,0.02473,48.15,43.06,48.04,45.94,42.97,50.11,62.28,44.61,43.93,56.16,67.95,49.21,47.26,34.52,47.9,38.25,6.21,12.4,7.68,3.53,1.2,27.05,23.26,24.99,28.09,31.86,27.78,27.78,47.18,47.18,17.15,17.22,17.07,14.19,27.3,17.65,8.98,2.81,25.83,17.88,21.34,28.0,36.12,38.53,38.53,165.46,165.46,198.98,202.41,195.56,81.24,97.97,87.54,76.14,63.31,197.1,193.74,194.64,197.97,202.04,111.56,111.56,109.77,109.77
103,0.00007175,0.02447,48.51,43.22,48.13,45.55,44.13,50.28,62.37,45.43,43.52,56.77,67.6,49.65,47.71,35.61,48.69,38.96,6.14,12.42,7.65,3.45,1.04,27.0,23.18,24.94,28.04,31.82,27.71,27.71,44.93,44.93,17.16,17.15,17.16,14.07,27.06,17.51,8.94,2.78,25.79,17.76,21.22,27.97,36.22,38.31,38.31,213.88,213.88,201.73,205.72,197.74,79.01,97.42,86.07,73.84,58.71,197.22,193.57,194.48,198.11,202.7,112.28,112.28,109.81,109.81
105,0.00007032,0.02419,48.33,43.42,48.11,45.46,43.62,49.87,62.54,45.52,43.6,56.4,67.28,49.46,47.33,35.63,48.16,38.53,6.18,12.42,7.65,3.47,1.16,26.92,23.12,24.85,27.96,31.74,27.77,27.77,46.97,46.97,17.22,17.29,17.15,14.05,27.09,17.57,8.87,2.68,25.97,18.0,21.43,28.18,36.26,38.37,38.37,208.48,208.48,201.13,204.65,197.61,80.48,97.87,87.19,75.24,61.61,198.82,195.39,196.28,199.62,203.97,111.64,111.64,106.15,106.15
107,0.00006892,0.02399,48.32,43.45,48.36,46.2,43.92,49.98,61.81,45.05,43.22,56.32,67.17,49.25,47.6,35.42,48.43,38.59,6.12,12.38,7.63,3.43,1.04,26.86,23.03,24.76,27.9,31.75,27.53,27.53,47.87,47.87,17.52,17.55,17.5,14.02,26.99,17.56,8.84,2.72,25.86,18.09,21.33,27.96,36.04,38.27,38.27,188.87,188.87,201.7,205.24,198.16,80.12,98.65,87.29,74.35,60.18,197.67,193.87,194.78,198.62,203.43,111.69,111.69,121.73,121.73
109,0.00006755,0.02376,48.38,43.41,48.46,45.8,43.4,50.07,62.05,45.25,44.13,56.2,67.64,49.2,47.56,35.59,48.19,38.78,6.12,12.41,7.65,3.42,1.01,27.1,23.23,24.98,28.16,32.03,27.95,27.95,46.36,46.36,17.11,17.19,17.04,14.09,27.11,17.65,8.89,2.7,25.69,17.73,21.13,27.91,35.99,38.42,38.42,187.48,187.48,201.19,204.97,197.4,80.4,98.37,87.4,75.28,60.55,197.69,194.18,194.98,198.53,203.07,111.59,111.59,116.55,116.55
111,0.00006621,0.02349,48.3,43.11,48.14,45.56,43.17,49.93,61.92,45.56,44.07,56.58,68.15,49.43,47.37,35.33,48.38,37.87,6.06,12.33,7.58,3.38,0.94,26.95,23.14,24.86,27.99,31.81,27.75,27.75,48.09,48.09,17.21,17.23,17.18,13.9,27.16,17.45,8.71,2.3,25.72,17.83,21.25,27.89,35.92,38.4,38.4,182.56,182.56,200.87,204.29,197.45,79.61,97.63,86.7,74.46,59.67,199.61,196.24,197.25,200.51,204.46,110.86,110.86,119.76,119.76
113,0.00006489,0.02330,48.17,43.52,48.78,45.38,43.6,49.78,61.76,45.58,43.21,56.12,67.61,49.1,47.45,35.13,47.68,37.93,6.14,12.37,7.62,3.44,1.12,27.24,23.38,25.12,28.29,32.18,27.69,27.69,48.64,48.64,17.24,17.29,17.19,13.9,26.81,17.39,8.72,2.67,25.84,17.96,21.31,28.02,36.07,38.38,38.38,192.4,192.4,200.5,203.9,197.09,81.33,97.91,87.72,76.61,63.1,199.3,196.07,196.69,200.07,204.39,112.71,112.71,118.69,118.69
115,0.00006360,0.02303,48.21,43.35,48.21,45.61,43.23,50.26,62.15,44.99,43.07,56.52,67.55,49.55,47.2,34.98,47.85,38.67,6.15,12.36,7.64,3.45,1.15,27.05,23.24,24.99,28.1,31.87,27.81,27.81,50.4,50.4,17.26,17.31,17.2,13.82,26.81,17.34,8.69,2.43,25.77,17.88,21.27,28.0,35.92,38.03,38.03,207.74,207.74,199.93,203.53,196.33,78.32,97.03,86.13,73.26,56.85,198.66,195.42,196.25,199.54,203.43,112.16,112.16,113.26,113.26
117,0.00006233,0.02286,48.46,43.63,48.2,45.91,44.06,50.33,62.87,45.33,43.51,56.81,67.32,49.37,47.65,35.77,47.95,38.26,6.14,12.38,7.62,3.44,1.12,27.08,23.28,25.02,28.11,31.92,27.91,27.91,45.28,45.28,17.37,17.38,17.37,13.89,26.87,17.38,8.71,2.6,25.75,17.94,21.28,27.91,35.9,37.83,37.83,183.55,183.55,200.08,203.68,196.48,80.99,97.89,87.76,75.9,62.39,197.5,193.89,194.88,198.63,202.59,111.49,111.49,111.11,111.11
119,0.00006109,0.02274,48.07,42.75,48.16,45.45,42.88,49.93,61.9,44.99,43.13,56.12,67.25,49.21,47.18,35.03,48.44,38.65,6.19,12.42,7.66,3.48,1.21,26.96,23.09,24.85,28.02,31.88,27.61,27.61,45.45,45.45,17.38,17.37,17.38,14.14,27.06,17.62,8.93,2.96,25.98,18.05,21.46,28.19,36.21,38.33,38.33,229.48,229.48,200.47,203.98,196.97,79.24,97.13,86.68,73.85,59.31,197.89,194.31,194.95,198.77,203.54,111.85,111.85,109.3,109.3
