EXP_INFO, , ,PID,3809916, , , , ,train.py --config ckpt/0801/03_NoAttMask_FCGraph_M01V03_JlossX1000/config.yaml -c ckpt/0801/03_NoAttMask_FCGraph_M01V03_JlossX1000 -vertex_x1000 -fully_connected_graph -gpu 0 -bs 160 -out 080103, , ,Checkpoint,ckpt/0801/03_NoAttMask_FCGraph_M01V03_JlossX1000, , ,Config,ckpt/0801/03_NoAttMask_FCGraph_M01V03_JlossX1000/config.yaml, , 
 , , , , , , , , , , , , , , , , , , , 
Epoch,lr,JOINT,MESH,ALL,AMASS, , , , , , , , , , , , , , , , , , , , , , , , , , , , , , , , , , , , , , , , , , , , , , , , , , , , , , , , , , , , , , , , , , , , , , , , , , , , , , , , , , , , , , , , , , ,H36M_MESH, , , , , , , , , , , , , , , , , , , , , , , , , , , , , , , , , , , , , , , , , , , , , , , , , , , , , , , , , , , , , , , , , , , , , , , , , , , , , , , , , , , , , , , , , , 
 , , , , ,PE, , , , , , , , , ,FPE, , , , , , , , , ,MC, , , , , , ,MP, , , , , , , , , ,MIB, , , , , , ,MeshRecover, , , , , , , , , ,FutureMeshRecover, , , , , , , , , ,MeshPred, , , , , , , , , ,MeshCompletion, , , , , , , , , ,MeshInBetween, , , , , , ,PE, , , , , , , , , ,FPE, , , , , , , , , ,MC, , , , , , ,MP, , , , , , , , , ,MIB, , , , , , ,MeshRecover, , , , , , , , , ,FutureMeshRecover, , , , , , , , , ,MeshPred, , , , , , , , , ,MeshCompletion, , , , , , , , , ,MeshInBetween, , , , , , 
 , , , , ,Avg,0,5,10,15,mpve,mpjpe,pa_mpjpe,mpjpe_17j,pa_mpjpe_17j,Avg,0,5,10,15,mpve,mpjpe,pa_mpjpe,mpjpe_17j,pa_mpjpe_17j,Avg,0.4,mpve,mpjpe,pa_mpjpe,mpjpe_17j,pa_mpjpe_17j,Avg,0,5,10,15,mpve,mpjpe,pa_mpjpe,mpjpe_17j,pa_mpjpe_17j,Avg,0.4,mpve,mpjpe,pa_mpjpe,mpjpe_17j,pa_mpjpe_17j,Avg,0,5,10,15,mpve,mpjpe,pa_mpjpe,mpjpe_17j,pa_mpjpe_17j,Avg,0,5,10,15,mpve,mpjpe,pa_mpjpe,mpjpe_17j,pa_mpjpe_17j,Avg,0,5,10,15,mpve,mpjpe,pa_mpjpe,mpjpe_17j,pa_mpjpe_17j,Avg,0,5,10,15,mpve,mpjpe,pa_mpjpe,mpjpe_17j,pa_mpjpe_17j,Avg,0.4,mpve,mpjpe,pa_mpjpe,mpjpe_17j,pa_mpjpe_17j,Avg,0,5,10,15,mpve,mpjpe,pa_mpjpe,mpjpe_17j,pa_mpjpe_17j,Avg,0,5,10,15,mpve,mpjpe,pa_mpjpe,mpjpe_17j,pa_mpjpe_17j,Avg,0.4,mpve,mpjpe,pa_mpjpe,mpjpe_17j,pa_mpjpe_17j,Avg,0,5,10,15,mpve,mpjpe,pa_mpjpe,mpjpe_17j,pa_mpjpe_17j,Avg,0.4,mpve,mpjpe,pa_mpjpe,mpjpe_17j,pa_mpjpe_17j,Avg,0,5,10,15,mpve,mpjpe,pa_mpjpe,mpjpe_17j,pa_mpjpe_17j,Avg,0,5,10,15,mpve,mpjpe,pa_mpjpe,mpjpe_17j,pa_mpjpe_17j,Avg,0,5,10,15,mpve,mpjpe,pa_mpjpe,mpjpe_17j,pa_mpjpe_17j,Avg,0,5,10,15,mpve,mpjpe,pa_mpjpe,mpjpe_17j,pa_mpjpe_17j,Avg,0.4,mpve,mpjpe,pa_mpjpe,mpjpe_17j,pa_mpjpe_17j
1,0.00020000,252.43559,383.74874,0.00000,94.64,100.4,92.54,92.11,99.13,220.12,198.66,92.52,179.36,82.02,124.05,108.31,119.58,129.63,137.2,222.05,200.38,93.76,180.75,83.03,204.02,204.02,322.98,302.36,94.49,278.23,84.13,106.85,89.88,102.08,112.83,121.04,187.13,165.81,93.78,148.18,83.05,73.96,73.96,195.48,174.38,92.44,156.44,81.94,632.03,633.76,631.44,631.32,633.31,146.35,124.31,91.99,109.45,81.75,644.23,636.93,641.94,646.81,650.86,148.9,127.17,92.84,111.82,82.4,713.39,713.13,713.53,713.48,713.04,315.43,273.36,93.36,238.18,82.95,697.26,696.74,697.26,697.49,697.2,315.82,273.42,93.4,238.44,83.21,796.51,796.51,315.09,273.09,92.24,238.12,82.12,198.38,202.3,197.2,196.37,202.17,347.45,307.42,129.91,272.23,121.32,223.18,210.58,219.9,227.04,233.79,346.9,308.23,128.46,273.24,120.05,307.52,307.52,353.8,313.49,131.69,277.86,122.91,175.09,150.32,169.88,182.99,193.01,347.84,308.98,129.14,273.91,120.64,126.82,126.82,350.75,311.13,130.33,275.56,121.68,630.42,627.51,626.97,633.01,632.73,357.9,319.1,131.95,283.87,123.38,648.72,639.59,645.01,652.89,654.31,356.93,319.44,130.12,284.46,121.79,823.04,821.74,820.18,824.38,824.28,368.3,335.48,124.45,300.0,115.57,802.8,800.92,804.39,801.49,803.67,404.98,371.37,127.52,334.44,118.85,816.42,816.42,372.04,337.43,124.3,301.67,115.22
2,0.00019800,171.21522,345.92795,0.00000,112.89,118.14,111.18,110.69,116.57,216.06,194.29,78.5,176.85,69.72,138.05,123.39,133.69,143.31,150.72,223.94,201.02,87.98,182.68,77.84,193.19,193.19,317.92,297.7,86.6,275.09,77.1,135.13,119.46,130.51,140.71,148.68,166.4,145.76,86.84,129.96,76.75,108.04,108.04,156.86,137.44,77.64,122.95,68.9,523.43,525.81,522.61,522.44,525.51,121.54,100.7,79.75,88.65,70.87,537.57,528.24,534.76,540.84,546.13,134.5,113.41,89.19,99.39,78.83,797.41,797.68,797.74,797.32,796.39,311.99,271.7,85.96,237.38,76.28,783.07,782.87,783.22,783.17,782.52,311.69,271.31,87.32,237.17,77.81,749.63,749.63,310.82,270.88,82.03,236.84,73.06,200.08,204.39,198.15,198.23,204.52,332.96,299.12,122.17,264.81,113.55,225.99,213.04,222.79,229.8,237.04,341.65,306.83,124.03,272.38,115.37,297.52,297.52,398.65,364.85,127.7,328.01,118.83,187.88,164.25,182.72,195.48,205.75,355.58,318.74,125.24,283.69,116.26,146.43,146.43,355.45,320.41,123.67,285.19,114.78,610.8,614.5,610.52,609.38,608.94,333.2,292.75,125.36,259.16,116.73,630.7,625.81,629.59,630.64,635.77,338.3,297.49,126.32,263.77,117.65,873.73,870.63,871.57,877.8,874.33,359.35,323.57,111.31,288.26,102.73,874.18,873.67,876.04,872.2,874.34,387.21,351.98,112.8,315.29,104.87,846.13,846.13,356.41,321.22,103.61,286.13,95.65
3,0.00019602,135.59401,330.47843,0.00000,83.73,90.09,81.72,80.92,88.09,341.03,317.93,74.25,294.8,65.87,110.01,94.27,105.46,115.58,123.46,344.5,320.55,86.36,297.18,76.25,167.33,167.33,380.42,361.57,85.32,335.52,75.88,104.85,87.84,99.94,110.83,119.49,158.54,138.27,85.03,122.51,75.04,75.49,75.49,150.01,131.22,74.39,116.89,65.91,504.12,506.01,503.14,503.3,506.45,114.1,93.39,77.15,82.26,68.31,517.14,507.69,514.14,520.51,525.74,129.77,108.31,88.23,94.87,77.75,810.53,810.88,810.83,810.52,809.43,147.55,128.37,78.97,113.16,69.82,803.87,804.13,804.11,803.95,802.84,145.79,125.38,80.91,110.82,71.91,767.56,767.56,136.46,119.63,70.84,106.02,62.89,192.27,196.54,191.22,190.06,195.91,380.9,351.56,125.04,317.61,116.41,216.32,202.73,212.59,220.56,227.88,390.5,359.4,128.67,324.79,119.82,274.53,274.53,450.43,419.57,134.35,381.21,125.05,165.76,138.52,159.91,174.62,185.73,411.12,377.82,132.73,342.04,123.11,115.62,115.62,409.48,378.1,130.15,342.76,120.68,512.94,515.24,512.19,513.09,512.57,305.13,269.4,123.86,238.23,115.61,523.07,515.11,523.01,523.6,527.41,316.17,278.6,126.78,246.93,118.33,835.47,836.51,836.75,833.58,833.36,344.16,307.27,104.17,272.4,95.98,828.2,833.71,828.28,824.24,824.0,352.69,315.26,104.64,279.65,97.02,804.25,804.25,339.23,303.62,93.99,269.06,86.59
4,0.00019406,117.23430,305.73564,0.00000,76.63,83.45,74.43,73.63,81.38,206.78,186.36,68.83,171.0,61.38,107.6,90.53,102.76,113.64,121.94,218.34,196.15,83.96,179.25,74.36,135.06,135.06,427.59,410.26,83.45,382.27,74.24,93.26,74.37,87.99,99.83,109.18,229.85,208.5,83.5,188.91,73.74,62.23,62.23,208.45,188.64,71.83,170.84,63.78,460.18,461.9,459.17,459.54,462.27,106.54,86.72,71.31,76.6,63.17,478.69,468.89,475.72,482.26,487.07,126.12,105.45,85.95,92.59,75.8,841.3,841.75,841.74,841.26,840.03,123.71,108.94,74.64,96.85,65.97,812.14,812.22,812.39,812.25,811.32,121.76,105.79,73.37,94.46,65.4,817.04,817.04,107.26,95.67,61.99,85.82,55.14,166.7,171.28,164.78,164.46,172.1,296.78,264.26,110.69,241.51,102.71,198.24,183.26,194.64,202.73,210.41,323.99,286.76,117.33,261.87,108.83,209.37,209.37,362.54,327.33,125.28,300.26,116.21,150.79,122.65,145.44,159.52,170.63,308.52,272.36,119.36,247.46,110.43,90.1,90.1,298.44,266.68,112.84,244.14,104.39,502.13,504.37,501.25,502.09,503.47,210.24,183.25,102.66,164.83,95.01,515.66,506.95,511.95,519.68,523.33,243.45,210.8,110.42,189.74,102.23,886.62,884.26,886.81,886.94,883.71,336.01,301.52,102.94,267.54,94.68,875.74,879.31,876.27,874.38,874.33,335.03,300.88,99.75,266.61,92.21,878.05,878.05,328.57,295.85,90.05,262.37,82.78
5,0.00019212,102.34115,295.19299,0.00000,67.49,74.14,64.93,64.53,73.14,218.54,196.89,69.68,181.08,62.56,100.98,83.87,96.2,106.97,115.41,229.17,205.8,83.94,188.51,74.74,119.82,119.82,542.2,526.69,85.5,492.76,76.1,90.6,71.9,85.45,97.05,106.34,405.43,386.7,83.59,358.77,73.91,56.64,56.64,396.91,377.71,72.64,350.53,64.65,320.12,321.7,319.44,319.51,321.48,106.67,88.06,70.41,78.26,62.41,340.85,330.25,337.92,344.57,349.45,125.96,106.48,85.16,93.91,75.07,871.56,872.13,871.94,871.38,870.55,119.7,106.36,73.55,94.65,64.86,835.51,835.46,835.62,835.56,835.23,116.93,102.26,70.78,91.52,63.0,848.22,848.22,101.72,91.62,59.01,82.42,52.44,165.0,169.87,163.31,162.64,169.85,447.07,424.57,109.56,393.8,101.36,198.23,183.56,194.82,202.5,210.0,469.07,441.32,118.29,408.85,109.4,188.54,188.54,445.43,413.25,126.66,382.32,117.29,152.17,125.38,147.18,160.38,170.93,386.91,352.14,123.16,324.12,113.69,92.01,92.01,365.2,335.37,116.31,309.66,107.25,425.85,429.97,425.35,422.65,428.55,192.32,167.87,96.24,151.8,88.73,450.2,440.75,447.72,454.37,455.67,239.11,205.61,108.0,185.96,99.71,895.95,893.66,897.88,895.17,896.63,338.75,303.35,99.9,269.17,91.92,887.62,885.75,887.37,888.99,886.54,333.43,297.69,94.32,263.69,86.91,887.41,887.41,329.61,296.35,84.72,262.88,77.88
6,0.00019020,89.70273,296.59068,0.00000,58.84,65.07,56.31,56.12,64.3,172.89,153.04,66.55,138.74,59.77,92.07,76.21,87.55,97.56,105.71,185.34,164.33,82.83,148.29,73.62,115.55,115.55,533.15,517.38,85.3,484.26,75.88,85.48,68.28,80.61,91.39,100.29,419.36,401.14,82.87,373.74,73.4,51.45,51.45,403.29,384.29,73.01,357.95,65.02,357.05,358.19,356.98,356.61,357.32,107.39,89.15,68.67,79.7,61.06,372.8,364.19,370.57,375.79,379.65,127.69,108.15,84.28,95.79,74.46,810.07,810.56,810.47,809.93,809.09,119.9,106.94,72.51,95.54,64.15,771.68,771.71,771.98,771.75,771.02,116.68,102.69,69.39,92.3,61.92,798.05,798.05,101.89,92.27,57.54,83.32,51.35,154.98,159.24,153.36,152.98,159.37,213.21,180.16,103.42,163.36,96.23,189.1,175.41,185.93,193.02,200.13,256.01,216.11,113.13,195.83,105.11,171.59,171.59,262.97,227.44,124.68,204.71,116.09,145.8,121.04,141.08,153.31,163.3,270.27,229.61,120.83,207.11,112.19,83.97,83.97,224.88,190.23,113.24,171.96,105.18,434.97,436.96,433.5,435.21,436.5,187.58,163.02,94.58,148.11,87.32,442.73,433.44,439.1,446.64,451.62,236.53,202.47,107.73,183.66,99.56,877.84,875.98,880.22,878.14,877.69,337.51,303.19,100.54,269.09,92.57,865.55,867.42,866.86,866.54,863.96,329.16,295.29,94.82,261.6,87.46,875.75,875.75,325.43,293.63,85.01,260.41,78.25
7,0.00018830,80.17138,284.25543,0.00000,62.01,66.31,60.21,60.17,66.05,134.1,114.26,67.08,101.57,59.9,94.64,81.61,90.9,99.06,106.06,150.57,130.55,83.82,115.48,74.01,104.77,104.77,506.79,488.54,86.45,456.57,76.91,76.55,60.17,71.92,82.1,90.78,401.57,380.45,84.79,354.01,75.18,42.08,42.08,382.82,360.94,75.12,335.71,67.01,334.83,334.48,334.25,334.69,336.88,109.77,91.42,70.88,81.61,62.9,353.55,345.47,351.33,356.0,360.96,128.25,108.83,85.12,96.4,75.16,794.4,795.13,794.81,794.17,793.25,112.0,99.57,71.73,88.53,63.13,756.4,756.48,756.66,756.37,755.73,108.07,94.51,67.62,84.79,60.09,785.32,785.32,91.78,82.7,55.52,74.33,49.21,132.5,136.69,131.34,130.41,136.15,252.84,219.89,108.63,201.49,101.45,174.08,161.22,171.06,177.86,184.03,291.73,253.15,116.77,231.52,108.93,153.27,153.27,354.33,317.21,130.56,288.88,121.32,143.37,121.88,139.27,149.69,158.36,317.13,272.79,125.51,248.05,116.49,79.36,79.36,280.62,242.35,120.12,221.08,111.43,426.59,426.55,426.0,427.03,427.9,193.03,168.93,90.47,154.06,83.24,444.54,438.02,442.3,447.45,449.13,247.03,212.91,108.09,193.63,99.62,893.79,894.3,890.81,894.5,894.82,334.57,300.88,100.09,267.32,92.26,878.82,881.19,878.74,876.73,879.6,321.4,288.7,92.44,256.0,85.1,911.24,911.24,320.83,290.24,83.5,257.75,76.79
8,0.00018641,71.72049,280.25707,0.00000,46.43,51.14,44.93,44.43,49.88,117.95,99.67,72.23,88.38,64.84,86.34,73.94,82.95,90.41,97.06,137.29,119.22,89.67,105.09,79.44,95.03,95.03,476.76,459.04,86.57,428.22,77.07,73.01,56.09,68.39,78.62,87.56,409.1,390.35,85.47,363.19,75.74,33.42,33.42,393.72,373.88,75.78,347.91,67.58,383.92,381.95,383.25,384.22,386.75,102.92,81.2,67.1,72.32,59.67,403.86,396.06,401.8,406.07,411.07,127.53,105.12,86.23,92.71,76.18,859.73,860.93,860.28,859.43,857.83,113.88,100.49,69.9,89.8,61.75,825.95,826.7,826.38,825.8,824.43,107.02,92.84,62.6,83.76,56.02,849.25,849.25,90.14,80.56,50.24,72.99,44.89,103.1,107.69,102.02,100.8,106.71,480.73,444.29,113.53,413.6,105.55,162.23,149.06,159.56,166.17,171.02,499.51,460.8,121.95,428.4,113.45,131.92,131.92,436.79,390.79,135.89,355.23,126.37,140.22,119.69,136.62,146.22,153.94,373.52,326.25,132.98,297.52,123.53,69.55,69.55,345.52,301.4,130.75,275.93,121.25,437.01,436.39,436.14,439.63,436.15,161.3,135.58,85.73,123.22,78.42,459.23,452.78,459.12,460.31,461.81,227.94,190.43,109.05,172.39,100.17,973.87,972.94,973.53,974.34,972.01,321.55,289.0,99.7,256.66,91.06,949.9,949.7,949.86,948.99,950.1,300.4,271.35,91.87,240.61,83.35,977.89,977.89,302.84,274.62,82.52,243.76,74.71
9,0.00018455,64.95026,277.40906,0.00000,44.93,48.33,44.09,43.54,47.01,136.23,112.03,75.1,99.52,66.9,86.21,75.96,83.42,89.52,95.22,152.12,128.77,90.95,113.79,80.18,88.82,88.82,540.44,516.99,89.38,486.42,79.55,72.72,58.12,68.7,77.4,85.67,495.21,473.51,89.33,445.77,79.29,32.19,32.19,441.99,418.6,79.64,394.3,71.14,384.0,382.29,383.58,384.31,386.15,113.48,90.48,71.74,80.63,63.85,402.48,396.03,400.9,404.28,408.4,135.91,112.08,89.08,99.1,78.86,842.52,844.11,843.37,842.28,839.58,117.64,104.22,70.5,93.35,62.44,814.61,815.71,815.48,814.48,811.79,108.82,95.15,62.78,86.04,56.31,832.8,832.8,92.0,83.05,50.15,75.44,44.95,94.67,98.82,94.26,92.6,96.7,669.0,629.45,126.9,585.88,117.55,157.98,146.36,155.73,161.59,165.09,670.92,632.53,133.54,588.36,123.67,125.37,125.37,518.25,473.51,137.05,428.33,128.08,139.52,121.49,136.42,144.6,151.67,485.46,443.79,135.05,401.14,126.23,66.65,66.65,480.13,430.98,133.67,390.15,124.64,444.78,446.52,445.15,442.09,446.83,176.63,150.96,86.84,137.5,79.67,465.06,463.26,462.98,465.19,468.34,236.2,198.4,109.15,180.24,100.39,965.52,965.04,966.1,963.77,965.61,256.45,230.14,97.92,206.21,89.89,934.13,932.93,932.63,935.78,934.94,214.86,194.92,85.47,175.41,78.28,953.56,953.56,210.76,193.82,76.98,174.15,70.27
10,0.00018270,60.42540,263.56979,0.00000,41.31,44.24,40.44,40.13,43.38,132.55,110.07,83.15,97.27,73.83,84.15,75.38,81.7,86.92,92.07,145.27,122.91,92.28,108.38,81.52,84.6,84.6,498.34,479.68,94.48,445.77,84.07,72.68,59.2,69.03,76.97,84.6,439.53,416.19,92.8,386.99,82.34,33.17,33.17,384.56,361.89,85.53,335.9,76.24,349.24,347.8,348.75,349.68,350.92,111.1,92.4,65.94,82.61,58.75,369.52,363.67,367.84,371.32,375.12,133.34,113.08,84.06,100.28,74.4,873.81,875.39,874.75,873.44,870.64,112.83,100.72,68.75,89.74,60.7,844.15,844.8,844.87,843.96,842.04,104.37,92.04,60.09,83.01,53.86,857.39,857.39,87.48,79.77,47.88,72.07,42.8,89.13,92.95,89.02,87.22,90.46,666.63,622.02,129.45,577.38,120.02,156.99,145.73,154.79,160.7,163.48,667.13,624.99,134.82,580.09,124.93,118.53,118.53,471.44,415.68,138.46,371.14,129.31,138.51,120.99,135.22,143.69,150.26,539.12,496.56,137.47,452.94,128.37,63.47,63.47,479.92,426.1,138.2,384.75,128.77,331.13,331.59,331.35,331.37,330.7,223.56,200.59,86.29,183.53,78.94,355.71,351.46,355.01,357.42,358.29,276.84,242.4,109.45,221.24,100.47,963.39,962.68,964.18,963.74,962.46,215.71,188.77,91.12,171.11,83.49,942.48,940.98,940.84,942.65,945.09,158.11,137.84,72.74,125.45,66.16,943.19,943.19,153.54,136.88,64.07,124.92,58.09
11,0.00018088,58.06067,256.50837,0.00000,37.37,40.4,36.68,36.18,39.02,132.09,111.12,81.1,98.3,72.26,81.59,73.17,79.14,84.26,89.43,142.49,121.41,87.92,107.31,77.99,77.73,77.73,581.2,565.3,102.07,527.81,90.8,70.11,57.17,66.53,74.18,81.79,559.52,539.19,100.22,504.67,89.0,28.15,28.15,523.81,500.41,92.8,469.26,82.68,362.62,361.41,361.61,362.93,366.64,118.6,95.05,71.58,84.82,63.76,380.85,376.25,378.85,382.24,388.03,138.61,114.29,88.43,101.29,78.41,900.33,901.78,901.25,899.98,897.13,106.35,93.91,64.74,83.8,57.27,871.89,869.66,871.96,872.66,871.97,96.76,83.82,55.01,75.91,49.63,869.42,869.42,79.25,71.26,43.21,64.57,38.83,86.67,91.04,87.07,84.65,86.5,657.92,610.02,138.66,565.62,128.07,153.36,141.45,150.87,157.24,160.64,656.23,610.21,142.87,565.84,131.91,109.95,109.95,500.17,446.51,144.56,403.55,134.64,136.96,120.45,133.92,141.74,148.14,624.04,587.26,138.1,540.43,128.8,62.68,62.68,593.47,542.83,144.68,497.44,134.67,362.76,362.89,362.09,361.4,365.09,190.59,162.01,95.82,147.13,87.19,387.79,380.87,385.44,391.49,393.11,235.04,197.73,114.4,179.25,104.72,973.1,977.6,974.34,970.28,969.17,198.43,172.17,87.15,156.34,79.65,967.8,966.68,966.14,969.14,971.24,140.05,120.34,66.6,109.9,60.61,945.33,945.33,136.04,119.12,61.12,109.05,55.63
13,0.00017728,52.95315,237.64272,0.00000,41.41,49.85,43.64,38.21,35.68,156.49,134.36,89.0,118.1,79.02,73.2,60.33,68.48,77.7,86.8,155.17,132.94,88.16,117.0,78.29,70.22,70.22,617.43,610.97,109.67,570.02,97.7,60.19,42.27,53.65,66.42,79.33,401.27,382.83,94.77,356.01,84.39,26.93,26.93,611.32,599.51,101.03,561.54,90.0,362.25,359.69,361.91,362.93,363.09,110.87,89.49,74.05,79.26,65.9,377.29,368.79,374.85,380.05,384.1,125.0,102.93,85.53,90.79,75.94,919.88,914.2,917.45,921.99,926.04,93.55,82.41,52.22,74.11,46.77,901.24,896.06,899.06,902.62,904.94,91.42,78.83,50.95,71.43,46.08,863.81,863.81,72.22,64.04,33.51,58.42,30.67,93.36,102.0,96.71,89.63,87.18,720.59,676.78,141.95,626.62,131.46,145.3,127.59,140.43,151.12,159.99,718.44,676.04,145.73,626.0,134.73,98.48,98.48,429.65,375.02,147.09,333.48,137.17,115.22,77.71,106.88,126.94,144.98,654.53,631.07,136.66,582.5,127.53,55.85,55.85,592.57,544.56,145.62,499.09,135.96,287.78,282.81,284.63,289.09,296.27,202.41,169.96,98.61,154.39,89.83,320.93,304.03,315.59,326.25,337.88,251.11,209.88,117.64,189.99,107.75,974.7,973.54,972.34,974.74,980.38,188.41,165.56,89.22,150.47,80.61,958.27,955.52,956.12,959.51,962.25,128.23,108.11,66.28,98.62,59.77,900.9,900.9,111.6,97.0,50.99,88.92,45.55
15,0.00017375,46.07704,229.64501,0.00000,42.07,51.19,45.33,38.64,33.67,166.02,145.25,91.3,128.15,81.21,68.58,55.72,63.25,73.24,82.98,164.19,143.33,90.92,126.57,80.85,64.85,64.85,590.04,581.1,104.94,541.33,93.71,43.69,24.75,32.15,51.56,72.64,339.87,319.01,98.28,291.47,87.5,17.96,17.96,522.02,508.39,97.1,476.76,86.62,400.29,400.32,401.21,400.64,397.6,131.82,102.86,83.83,90.47,74.95,413.84,407.1,412.35,416.44,418.15,145.47,116.31,95.86,101.98,85.45,939.66,933.45,937.36,941.86,945.54,92.21,81.11,51.36,72.32,45.77,931.33,925.51,929.59,933.11,933.47,89.73,77.55,50.86,69.68,45.68,889.71,889.71,74.93,66.09,36.88,59.41,33.12,75.34,76.91,75.15,74.81,76.71,615.02,574.49,133.23,530.43,123.88,129.22,96.16,121.14,140.17,156.11,698.04,670.11,136.68,621.75,127.14,91.34,91.34,403.49,350.35,140.38,310.15,131.26,102.34,47.16,92.13,119.49,141.65,682.4,662.39,136.8,612.99,127.71,35.69,35.69,501.88,451.48,140.52,409.32,131.4,281.28,279.97,279.58,282.12,284.46,212.8,175.29,101.11,159.66,92.35,317.09,300.67,312.68,322.37,329.44,266.99,220.69,121.56,199.59,111.6,1012.14,1012.78,1007.71,1011.31,1022.28,206.71,183.4,89.48,167.5,80.66,990.71,987.84,990.41,991.4,991.82,128.28,109.04,67.92,99.35,60.98,938.0,938.0,118.78,104.31,52.55,95.66,46.67
17,0.00017029,40.53952,223.36158,0.00000,31.52,32.11,31.77,31.58,30.66,190.34,167.52,90.41,148.27,80.49,52.23,40.33,42.62,56.81,76.43,182.75,159.97,90.55,141.24,80.46,60.44,60.44,589.27,576.89,101.59,540.24,90.96,37.93,26.37,26.21,42.45,67.82,335.17,310.24,98.13,282.91,87.25,13.26,13.26,521.63,508.66,98.09,476.41,87.52,405.56,405.86,406.61,405.54,403.62,151.32,117.19,92.92,102.79,83.78,418.13,411.02,416.23,420.49,424.68,161.88,127.69,102.86,111.79,92.45,929.43,924.69,928.83,931.09,930.95,94.58,82.56,49.14,73.62,43.81,914.64,909.09,912.63,916.49,918.71,93.36,79.65,49.21,71.46,44.17,869.51,869.51,80.7,69.86,37.74,62.62,33.84,73.44,74.82,73.33,72.94,74.77,675.0,638.81,131.93,590.49,123.23,122.3,86.28,113.45,134.38,152.21,718.36,692.24,136.34,641.92,127.15,85.7,85.7,405.7,352.59,137.8,312.37,128.87,97.11,39.75,86.28,115.42,138.81,704.57,684.61,136.36,634.67,127.41,28.57,28.57,552.1,504.7,138.78,461.56,129.74,314.43,315.38,314.33,314.19,315.27,343.5,299.28,115.28,275.08,105.86,344.52,331.45,338.88,348.83,357.94,378.15,328.56,131.13,300.64,120.87,1031.7,1028.11,1027.69,1031.91,1041.4,217.42,192.6,93.5,175.68,83.76,998.92,995.36,996.52,1000.27,1004.19,129.38,108.02,69.74,98.05,62.03,944.01,944.01,120.64,103.72,57.26,94.61,50.47
19,0.00016690,37.20918,217.98725,0.00000,29.77,30.03,29.55,29.67,30.32,187.04,165.78,87.27,146.45,77.79,47.56,37.17,39.26,50.91,71.35,177.02,154.63,87.46,136.64,77.81,58.79,58.79,553.08,540.61,102.61,505.39,92.09,32.28,21.35,21.84,36.32,61.19,358.76,335.35,101.34,306.93,90.05,12.56,12.56,488.23,474.6,99.47,443.07,88.8,402.75,405.05,404.52,401.83,399.42,181.82,138.05,109.41,120.46,98.8,412.68,406.86,411.16,414.34,419.02,186.85,143.36,114.93,124.99,103.62,931.29,930.61,932.16,931.92,927.19,101.19,86.83,53.02,77.38,47.03,908.39,906.94,907.28,908.72,911.05,100.16,84.78,52.8,75.91,47.1,882.5,882.5,91.34,77.99,44.56,69.65,39.55,70.47,71.58,70.15,69.96,72.45,668.97,636.93,127.95,591.32,119.81,120.57,84.36,111.47,132.86,150.85,695.31,670.58,131.06,623.87,122.6,80.77,80.77,413.53,360.57,133.91,321.31,125.4,92.87,35.02,81.76,112.09,136.03,704.31,680.4,135.46,631.82,126.67,23.5,23.5,545.93,499.91,136.02,458.15,127.18,301.72,307.01,304.1,299.3,297.48,443.26,401.32,121.27,368.57,111.79,344.66,329.68,341.2,350.41,356.03,488.0,443.17,132.54,407.55,122.24,1046.1,1042.02,1042.4,1046.63,1057.3,231.26,205.19,95.04,187.99,84.89,1005.3,1002.03,1001.59,1007.54,1012.95,139.12,116.99,73.11,106.33,64.87,950.25,950.25,132.64,114.21,63.27,104.15,55.62
21,0.00016358,35.04717,212.66860,0.00000,35.24,35.5,35.85,35.77,31.83,186.97,163.58,89.17,144.38,79.43,42.61,33.84,34.74,45.58,65.16,178.57,154.2,88.32,136.33,78.53,55.86,55.86,500.31,483.12,103.22,451.07,92.49,30.0,20.46,20.15,33.93,56.04,327.1,298.49,105.16,270.53,93.39,11.86,11.86,412.46,394.95,102.05,366.16,91.05,399.53,399.41,400.5,399.44,398.01,190.4,148.12,108.55,129.88,97.44,411.52,404.67,409.73,413.53,418.33,195.73,153.37,115.22,134.38,103.3,933.8,934.71,935.34,933.77,927.39,91.54,78.86,45.13,70.74,40.09,919.97,920.62,919.05,919.38,922.53,92.19,78.51,47.42,70.69,42.36,879.23,879.23,81.58,70.14,36.94,63.07,32.88,70.54,71.17,69.9,70.28,72.55,673.76,645.08,127.38,599.09,119.56,121.36,85.81,112.44,133.71,150.76,687.89,664.8,130.16,617.93,122.07,79.42,79.42,422.05,368.85,134.07,328.94,125.49,92.39,36.56,80.24,112.14,134.87,702.11,676.81,137.33,627.39,128.35,23.92,23.92,565.36,518.24,135.4,475.51,126.64,331.62,334.72,331.65,330.97,331.38,454.81,412.15,122.13,379.9,112.63,386.57,376.29,384.48,391.65,391.72,502.77,457.92,133.51,422.92,123.16,1058.71,1053.98,1055.99,1059.0,1068.96,221.92,197.03,88.15,180.94,79.14,1031.53,1028.38,1028.71,1032.99,1040.43,130.63,110.6,65.04,101.2,58.08,942.58,942.58,125.06,109.34,54.6,100.44,48.52
23,0.00016033,33.38730,208.97535,0.00000,28.03,28.32,27.88,27.85,28.27,209.37,184.84,89.29,163.06,79.68,42.29,34.79,35.45,44.64,62.56,198.64,172.37,89.46,152.17,79.55,54.87,54.87,491.24,472.59,103.56,441.25,92.69,29.36,20.04,20.18,33.01,53.77,346.19,318.92,107.24,291.48,95.28,12.54,12.54,439.83,419.57,103.87,389.86,92.6,387.48,389.23,389.15,386.76,383.92,199.02,153.86,110.38,134.88,99.23,397.58,390.89,395.82,399.64,404.15,202.32,157.41,115.13,137.85,103.39,903.64,906.57,905.74,903.09,894.92,100.29,85.22,51.06,76.16,44.95,893.13,893.61,893.19,892.3,894.17,100.85,84.8,52.72,76.05,46.68,860.64,860.64,91.43,77.22,43.8,69.02,38.43,70.12,71.01,69.73,69.64,71.84,698.01,674.35,125.53,627.14,117.93,118.95,82.62,109.55,131.75,149.14,699.5,680.25,128.61,632.88,120.7,78.45,78.45,419.55,365.83,132.88,325.85,124.41,92.28,35.98,80.13,112.21,134.69,714.66,689.51,138.46,639.92,129.36,27.88,27.88,570.45,523.4,133.93,480.82,125.29,340.88,349.66,345.21,338.2,330.1,503.98,455.37,118.96,422.54,109.71,369.17,354.71,370.26,374.75,370.89,537.78,487.66,127.63,453.2,117.59,1061.61,1058.25,1059.4,1061.01,1068.61,202.09,176.09,91.56,160.67,82.08,1031.6,1029.15,1027.7,1033.81,1041.27,128.44,107.54,67.04,97.8,59.68,935.01,935.01,119.37,102.05,55.51,93.16,48.91
25,0.00015714,31.99327,205.47126,0.00000,29.5,29.56,29.41,29.46,29.58,187.87,164.51,85.9,146.34,76.9,42.5,34.3,35.85,45.65,60.81,170.1,147.67,85.84,131.17,76.46,53.4,53.4,453.23,433.11,106.26,403.91,95.11,27.84,17.1,18.48,32.55,51.04,339.02,309.47,109.52,282.13,97.24,9.65,9.65,414.35,390.04,107.62,361.67,95.95,387.61,387.66,389.0,387.43,384.86,286.71,231.71,121.67,204.31,110.27,398.58,393.62,397.58,399.81,403.31,287.3,232.81,127.31,205.23,115.18,904.69,906.21,905.61,903.89,900.4,99.73,84.57,52.78,75.59,46.64,900.0,901.12,899.89,899.08,901.58,100.73,84.51,54.53,75.85,48.36,864.7,864.7,93.22,78.03,47.78,69.75,42.13,63.88,64.8,63.59,63.16,65.77,698.15,676.76,124.66,628.46,117.11,114.13,74.68,104.69,127.75,145.7,687.93,668.83,128.98,621.56,121.1,74.29,74.29,443.19,391.38,132.77,352.22,124.46,88.7,31.24,76.39,109.08,132.17,702.63,677.87,138.82,629.0,129.77,19.1,19.1,585.44,541.25,134.35,499.06,125.76,319.78,320.6,318.75,319.32,323.87,559.38,513.21,123.93,473.5,115.03,359.15,346.23,360.46,363.82,359.7,585.98,540.45,135.16,499.34,125.38,1074.12,1071.37,1071.77,1074.26,1078.93,258.3,230.27,96.36,211.53,86.17,1057.05,1053.86,1052.46,1059.3,1066.85,157.2,132.18,73.83,120.38,65.48,954.77,954.77,154.2,133.89,64.48,122.18,56.89
27,0.00015401,30.78193,201.87977,0.00000,26.37,26.26,26.21,26.35,26.95,201.79,175.83,87.97,155.57,78.54,39.52,31.22,32.91,42.45,58.13,181.31,156.77,88.02,138.64,78.32,52.19,52.19,427.96,406.69,105.01,378.75,94.02,26.65,14.24,17.95,31.59,49.1,317.15,287.31,107.87,260.77,95.8,10.36,10.36,403.18,378.81,107.89,350.73,96.22,386.42,384.66,387.38,386.96,384.72,219.58,174.42,102.71,153.99,93.3,392.98,388.18,392.03,394.08,397.86,226.74,182.57,110.45,161.09,99.97,887.62,889.24,888.21,887.04,883.73,108.84,90.8,55.8,81.26,48.87,881.8,881.19,881.05,881.62,885.1,108.14,89.99,56.5,80.88,49.81,848.64,848.64,100.93,83.52,50.0,74.73,43.57,70.15,70.4,70.03,69.74,71.96,693.71,673.64,123.38,625.44,116.09,118.18,80.59,108.95,131.6,148.04,687.8,671.67,127.8,624.35,120.19,73.19,73.19,443.39,392.02,131.77,353.29,123.65,87.75,29.62,75.25,108.46,131.01,704.48,681.66,138.95,632.64,129.96,20.84,20.84,595.97,552.93,133.93,510.55,125.48,297.39,298.42,296.41,296.64,300.64,456.61,412.51,117.26,383.99,108.2,344.81,333.2,345.34,348.28,347.15,574.57,530.0,133.61,495.41,122.97,1060.91,1059.59,1058.38,1060.4,1065.76,271.13,243.52,93.33,224.91,83.51,1047.3,1045.52,1043.31,1050.0,1054.85,149.01,128.37,68.39,117.26,60.84,948.23,948.23,147.54,128.87,59.75,118.07,52.53
29,0.00015094,29.76169,199.10505,0.00000,26.65,26.97,26.44,26.5,26.86,205.03,178.17,88.72,158.03,79.24,39.4,32.0,33.32,41.87,56.24,185.25,160.93,88.6,142.63,78.78,51.95,51.95,438.72,418.04,106.0,389.67,94.96,26.11,15.13,17.31,30.39,47.59,330.54,301.03,108.44,274.54,96.29,9.34,9.34,411.22,387.79,108.76,359.66,97.04,383.35,381.06,384.78,384.22,380.92,281.73,232.67,108.77,207.14,99.22,389.09,385.21,389.11,390.42,390.86,290.57,242.93,115.4,216.65,104.94,890.13,894.57,892.24,888.31,882.19,105.89,88.55,56.43,78.91,49.62,872.58,872.9,871.46,872.4,876.54,105.6,87.86,57.15,78.6,50.57,846.38,846.38,98.85,82.05,50.87,73.04,44.58,66.07,66.19,65.77,65.72,68.12,702.32,682.85,122.95,634.65,115.8,115.65,77.03,106.15,129.29,146.45,688.99,671.48,128.35,624.56,120.67,72.62,72.62,439.06,386.89,130.37,348.3,122.53,87.6,28.39,75.46,108.4,131.14,711.8,686.04,139.48,637.15,130.34,19.16,19.16,565.87,521.02,133.4,480.26,125.05,290.49,292.02,288.76,289.41,294.77,542.74,501.51,118.45,466.84,109.67,333.12,320.12,332.19,337.98,336.9,598.49,559.82,131.04,522.23,121.18,1060.63,1058.25,1059.05,1062.16,1060.7,271.73,243.41,94.34,224.91,84.61,1055.93,1056.73,1051.35,1057.44,1064.17,159.79,138.98,69.95,127.39,62.35,930.14,930.14,155.51,137.03,60.8,125.82,53.68
31,0.00014794,28.81988,197.05897,0.00000,25.6,25.72,25.45,25.5,25.88,191.29,165.23,88.11,146.12,78.6,37.74,29.98,31.5,40.44,54.84,175.06,151.32,88.23,133.82,78.47,50.22,50.22,398.4,375.88,105.82,348.87,94.59,25.4,13.79,17.16,29.95,46.47,296.94,267.88,108.54,243.36,96.38,10.05,10.05,352.71,326.19,110.0,301.01,98.02,402.74,398.39,403.8,404.08,401.63,231.41,177.83,110.96,158.3,100.97,404.76,398.19,404.38,406.89,407.37,239.9,188.29,116.97,167.44,105.94,872.54,874.84,873.18,871.89,867.33,99.24,85.05,51.84,76.25,45.7,856.39,858.96,856.37,855.35,857.24,99.83,84.44,53.39,75.97,47.4,833.05,833.05,92.06,77.87,46.11,69.8,40.53,66.07,65.92,65.68,65.89,68.08,699.34,677.04,122.32,628.68,115.0,115.9,78.75,106.12,129.33,146.61,689.65,669.02,128.47,621.48,120.57,73.21,73.21,447.38,395.39,130.61,356.38,122.69,88.57,30.46,76.06,109.28,131.45,708.17,680.7,139.04,632.16,130.01,24.15,24.15,613.21,568.98,134.61,526.29,126.15,300.12,299.86,298.14,299.14,307.37,555.32,516.34,127.21,478.71,118.2,342.67,331.24,342.9,346.44,342.08,594.89,560.99,139.5,520.48,129.28,1052.31,1050.09,1050.04,1054.01,1053.03,280.55,253.13,92.42,234.23,83.04,1052.07,1056.59,1046.72,1052.89,1060.53,152.56,132.65,69.69,121.36,62.28,940.35,940.35,142.38,125.64,58.6,115.21,51.78
33,0.00014500,28.12937,194.56497,0.00000,26.41,26.58,26.23,26.37,26.64,190.56,165.3,87.9,147.02,78.47,38.7,30.74,32.87,41.43,55.09,179.45,156.68,87.34,139.37,77.78,50.06,50.06,379.4,356.31,105.78,330.15,94.71,24.1,12.34,15.76,28.79,45.12,299.91,272.25,108.14,248.18,95.99,7.37,7.37,355.68,330.51,110.13,305.51,98.23,378.13,378.06,379.78,378.26,374.59,389.89,329.53,107.02,295.19,96.87,378.26,376.13,378.08,378.85,380.06,391.71,332.18,108.94,297.84,98.54,869.18,870.23,869.48,868.92,866.05,106.21,90.17,55.71,80.58,49.01,849.61,849.15,848.57,849.46,853.33,105.02,88.32,54.77,79.29,48.58,830.25,830.25,98.59,82.34,50.69,73.39,44.48,67.28,67.59,67.03,66.94,69.16,691.71,671.3,124.36,624.17,116.9,116.0,78.24,106.6,129.34,146.46,680.14,660.6,129.25,614.39,121.34,72.93,72.93,463.26,415.15,130.2,376.11,122.36,85.85,27.13,73.45,106.29,129.15,705.02,677.48,139.72,629.25,130.66,17.09,17.09,638.01,598.49,133.99,554.49,125.65,281.38,283.79,281.52,280.05,283.26,549.29,514.54,121.38,476.22,112.58,323.43,304.04,323.55,330.13,324.39,584.87,551.45,134.34,511.85,124.15,1050.49,1049.03,1049.35,1052.06,1046.25,270.94,243.22,95.43,224.64,85.75,1039.47,1038.63,1031.67,1041.48,1054.92,158.87,135.82,71.6,124.13,63.63,920.89,920.89,154.4,135.51,63.71,123.87,56.35
35,0.00014211,27.43404,192.41016,0.00000,24.55,24.78,24.39,24.46,24.88,231.71,202.27,88.34,178.29,78.8,36.56,28.79,30.9,39.19,52.04,211.24,184.32,88.24,162.38,78.48,49.68,49.68,428.23,404.19,107.79,375.1,96.37,24.72,13.83,16.69,29.0,44.41,310.29,283.25,108.52,258.63,96.3,8.2,8.2,413.12,387.72,112.11,359.28,99.93,373.16,371.34,374.37,373.82,371.39,417.28,358.85,110.48,321.03,100.32,377.64,375.53,377.62,378.27,379.03,413.69,355.64,115.47,318.18,104.5,856.07,857.89,856.33,855.75,852.78,113.85,95.13,62.5,84.66,54.64,842.89,843.75,841.91,842.68,845.96,113.47,94.37,61.94,84.32,54.6,814.2,814.2,108.53,89.81,57.63,79.84,50.17,66.26,67.28,66.13,65.65,67.66,703.18,685.37,122.03,637.27,114.67,114.82,76.68,105.25,128.12,145.72,688.61,671.41,126.86,624.73,119.11,74.37,74.37,459.68,411.67,130.05,372.53,122.12,86.26,27.86,73.54,106.83,129.5,707.8,680.42,139.33,632.21,130.24,18.36,18.36,616.6,576.39,134.35,533.11,125.93,272.03,274.38,271.39,270.6,274.3,532.91,496.26,130.03,459.01,120.91,311.6,294.56,310.63,317.31,314.27,583.97,552.67,141.67,511.72,131.38,1035.84,1030.95,1031.33,1038.42,1041.21,280.92,252.22,98.41,233.36,88.37,1046.69,1047.33,1041.43,1048.72,1055.44,152.09,130.46,74.0,118.98,65.89,915.31,915.31,144.73,125.5,66.43,114.64,58.65
