EXP_INFO, , ,PID,2450784, , , , ,"train.py --config ckpt/0504_AllDataTask_Excl3DPW/00_base050206/config.yaml -c ckpt/0504_AllDataTask_Excl3DPW/00_base050206/ -bs 256 -gpu 6,7 -vertex_x1000 -out 050400", , ,Checkpoint,ckpt/0504_AllDataTask_Excl3DPW/00_base050206/, , ,Config,ckpt/0504_AllDataTask_Excl3DPW/00_base050206/config.yaml, , 
 , , , , , , , , , , , , , , , , , , , 
Epoch,lr,JOINT,MESH,ALL,AMASS, , , , , , , , , , , , , , , , , , , , , , , , , , , , , , , , , , , , , , , , , , , ,H36M_MESH, , , , , , , , , , , , , , , , , , , , , , , , , , , , , , , , , , , , , , , , , , , ,PW3D_MESH, , , , , , , , , , , , , , , , , , , , , , , , , , , , , , , , , , , , , , , , , , , 
 , , , , ,PE, , , , , , , , , ,MP, , , , , , , , , ,FPE, , , , , , , , , ,MC, , , , , , ,MIB, , , , , , ,PE, , , , , , , , , ,MP, , , , , , , , , ,FPE, , , , , , , , , ,MC, , , , , , ,MIB, , , , , , ,PE, , , , , , , , , ,MP, , , , , , , , , ,FPE, , , , , , , , , ,MC, , , , , , ,MIB, , , , , , 
 , , , , ,Avg,0,5,10,15,mpve,mpjpe,pa_mpjpe,mpjpe_17j,pa_mpjpe_17j,Avg,0,5,10,15,mpve,mpjpe,pa_mpjpe,mpjpe_17j,pa_mpjpe_17j,Avg,0,5,10,15,mpve,mpjpe,pa_mpjpe,mpjpe_17j,pa_mpjpe_17j,Avg,0.4,mpve,mpjpe,pa_mpjpe,mpjpe_17j,pa_mpjpe_17j,Avg,0.4,mpve,mpjpe,pa_mpjpe,mpjpe_17j,pa_mpjpe_17j,Avg,0,5,10,15,mpve,mpjpe,pa_mpjpe,mpjpe_17j,pa_mpjpe_17j,Avg,0,5,10,15,mpve,mpjpe,pa_mpjpe,mpjpe_17j,pa_mpjpe_17j,Avg,0,5,10,15,mpve,mpjpe,pa_mpjpe,mpjpe_17j,pa_mpjpe_17j,Avg,0.4,mpve,mpjpe,pa_mpjpe,mpjpe_17j,pa_mpjpe_17j,Avg,0.4,mpve,mpjpe,pa_mpjpe,mpjpe_17j,pa_mpjpe_17j,Avg,0,5,10,15,mpve,mpjpe,pa_mpjpe,mpjpe_17j,pa_mpjpe_17j,Avg,0,5,10,15,mpve,mpjpe,pa_mpjpe,mpjpe_17j,pa_mpjpe_17j,Avg,0,5,10,15,mpve,mpjpe,pa_mpjpe,mpjpe_17j,pa_mpjpe_17j,Avg,0.4,mpve,mpjpe,pa_mpjpe,mpjpe_17j,pa_mpjpe_17j,Avg,0.4,mpve,mpjpe,pa_mpjpe,mpjpe_17j,pa_mpjpe_17j
1,0.00020000,0.45120,366.86992,367.32112,127.55,127.89,127.32,127.49,127.9,142.15,120.55,97.0,105.9,86.21,129.48,128.62,129.13,129.74,130.56,147.43,125.02,98.6,109.63,87.56,129.1,128.25,128.75,129.34,130.15,145.79,123.62,97.88,108.48,86.9,158.57,158.57,169.14,143.98,98.92,126.42,87.99,128.78,128.78,144.5,122.5,97.94,107.61,87.06,248.13,249.41,248.46,247.46,247.92,338.95,300.69,125.25,266.03,117.21,248.67,246.11,247.66,249.45,251.33,339.47,300.04,123.83,265.82,115.78,250.93,248.38,249.99,251.68,253.41,340.99,302.68,125.56,268.12,117.46,278.13,278.13,348.65,307.43,128.65,272.08,120.3,248.13,248.13,338.33,298.75,123.19,264.34,115.39,197.74,198.07,197.32,197.92,198.02,266.83,229.83,93.66,203.55,86.78,193.0,191.82,192.5,193.35,194.49,258.65,224.5,93.44,199.08,86.4,199.05,198.31,198.72,199.25,200.12,267.98,230.62,94.34,204.24,87.4,213.96,213.96,265.03,229.12,95.13,203.04,88.02,194.52,194.52,257.63,224.53,92.0,199.08,85.19
2,0.00019800,0.40593,338.96137,339.36730,120.69,121.14,120.37,120.59,121.21,145.16,123.25,94.55,108.79,84.66,132.84,131.64,132.31,133.23,134.3,163.52,139.62,98.09,124.08,87.91,123.49,121.93,122.85,124.01,125.32,150.47,128.0,97.32,112.8,87.0,152.57,152.57,182.56,156.32,97.99,138.7,87.79,134.6,134.6,165.0,140.52,96.14,125.21,86.5,232.13,233.03,231.8,231.65,233.01,337.54,298.62,117.99,264.31,108.78,235.56,232.79,234.78,236.21,238.2,340.54,299.84,119.25,265.63,110.04,236.99,234.68,236.4,237.53,239.14,340.81,302.02,119.97,267.53,110.58,261.83,261.83,348.81,306.51,124.04,271.52,114.92,230.55,230.55,336.76,295.65,117.11,261.71,108.12,200.7,201.14,200.39,200.7,201.0,269.49,231.79,96.02,205.29,88.76,189.75,188.51,189.19,190.18,191.15,256.78,220.44,91.82,195.87,83.99,201.88,201.15,201.42,202.13,202.94,271.78,233.61,97.51,206.82,90.2,209.73,209.73,265.1,226.91,94.2,201.48,86.59,190.31,190.31,256.32,220.38,90.39,195.8,83.01
3,0.00019602,0.39350,331.35534,331.74884,109.36,110.28,108.82,109.04,110.4,127.33,107.64,87.11,94.79,77.52,114.82,111.86,113.75,115.82,117.95,136.07,115.55,91.99,101.47,81.72,114.48,111.23,113.33,115.6,117.83,136.22,115.45,91.62,101.44,81.44,130.04,130.04,143.45,120.84,93.91,106.18,83.73,109.97,109.97,126.44,107.49,86.78,94.68,77.29,220.11,221.99,219.76,219.07,221.36,322.71,285.07,115.55,252.44,105.83,225.11,219.54,223.49,226.85,230.03,328.56,289.21,118.93,256.2,109.02,227.51,222.39,226.04,229.06,232.05,329.9,291.01,119.16,257.9,109.17,250.21,250.21,334.56,293.78,120.66,259.8,111.25,216.6,216.6,319.51,281.33,114.78,249.07,105.18,187.31,188.01,186.79,187.16,188.07,265.08,232.42,94.06,205.73,88.08,172.41,170.23,171.52,173.19,174.72,247.74,213.82,92.65,190.13,84.21,190.44,188.84,189.65,191.03,192.36,268.99,235.37,97.05,208.26,90.85,193.21,193.21,256.11,220.07,92.59,195.38,84.89,169.7,169.7,243.8,210.81,89.64,187.61,81.64
4,0.00019406,0.37960,322.44259,322.82218,99.33,100.6,98.67,98.89,100.61,116.27,99.1,79.35,87.51,70.54,106.37,102.47,105.01,107.73,110.28,127.39,109.29,86.26,96.19,76.44,106.03,101.86,104.59,107.49,110.16,127.52,109.04,86.3,95.92,76.48,122.51,122.51,134.38,113.83,88.6,100.16,78.83,100.97,100.97,116.74,99.88,79.64,88.26,70.86,213.62,215.56,212.89,212.55,215.48,319.88,283.9,116.97,250.82,107.56,216.98,210.31,215.33,218.94,222.54,322.67,283.39,119.93,250.73,110.7,222.47,217.01,221.03,224.0,227.25,327.54,289.71,120.41,256.34,110.82,237.62,237.62,326.78,286.06,121.44,252.55,112.21,207.49,207.49,314.12,276.57,114.38,244.35,105.38,187.83,188.74,187.28,187.65,188.51,256.23,224.57,91.98,199.29,85.86,174.59,172.1,173.61,175.5,177.09,243.01,209.97,91.55,187.26,83.12,190.68,189.18,189.91,191.23,192.52,259.81,226.74,94.75,201.11,88.33,196.37,196.37,251.2,216.31,91.98,192.58,84.14,171.94,171.94,240.47,208.0,88.86,185.55,81.13
5,0.00019212,0.37124,317.22491,317.59615,94.35,96.27,93.56,93.63,95.87,105.03,89.52,71.98,78.99,63.81,103.84,98.3,101.99,105.77,109.18,120.68,103.58,82.47,91.0,72.85,103.82,98.0,101.89,105.86,109.39,120.47,103.4,82.4,90.85,72.8,119.03,119.03,124.73,105.1,83.56,92.4,74.29,95.54,95.54,106.6,90.83,72.67,80.22,64.46,212.0,214.66,211.39,210.61,213.8,302.98,271.4,117.43,240.41,108.31,219.85,212.32,217.8,222.25,226.13,313.16,277.43,123.42,245.96,114.0,223.27,216.16,221.32,225.51,229.25,315.06,280.55,123.75,248.88,114.21,235.59,235.59,315.55,277.28,123.5,245.23,114.36,207.86,207.86,300.63,267.28,116.51,236.53,107.59,183.65,184.65,183.12,183.44,184.28,245.23,217.42,90.28,192.77,83.07,173.38,170.61,172.31,174.38,176.25,235.09,205.57,91.74,182.79,83.09,187.05,185.04,186.11,187.73,189.54,249.62,220.15,93.12,195.17,85.61,192.66,192.66,243.49,209.69,93.09,186.28,84.23,169.38,169.38,230.22,202.48,88.13,180.0,79.93
6,0.00019020,0.36473,313.00165,313.36638,87.26,89.64,86.4,86.31,88.97,102.46,87.09,69.35,77.07,61.27,98.27,91.79,96.19,100.55,104.32,119.09,102.63,81.66,90.27,71.88,98.7,91.79,96.52,101.13,105.04,119.91,103.27,82.14,90.84,72.28,108.94,108.94,118.89,100.13,80.04,88.04,70.85,88.55,88.55,103.07,87.8,69.42,77.81,61.38,199.41,202.33,198.49,197.89,201.78,296.6,265.88,115.73,235.1,106.34,210.26,201.17,207.93,213.19,217.63,308.36,273.28,123.9,242.01,114.12,213.27,204.86,211.07,215.96,220.21,311.15,276.89,123.17,245.32,113.34,221.27,221.27,308.58,270.43,123.11,238.83,113.47,196.56,196.56,293.27,261.23,115.31,230.85,106.13,180.84,181.77,180.32,180.67,181.39,244.54,217.07,90.4,192.08,83.0,164.46,161.0,162.99,165.74,168.28,228.63,199.17,91.21,176.93,82.49,184.33,182.18,183.16,185.15,187.06,249.39,220.11,93.37,194.74,85.73,181.97,181.97,236.56,203.72,93.16,180.77,84.11,160.29,160.29,222.91,195.63,86.84,173.68,78.59
7,0.00018830,0.34926,304.04665,304.39591,76.54,79.74,76.71,75.47,75.75,90.75,76.44,60.77,67.43,54.01,90.17,83.35,86.86,92.62,98.79,108.11,93.46,75.34,81.91,66.46,92.51,85.95,90.37,94.31,99.77,111.64,96.77,77.92,84.77,68.71,102.41,102.41,110.34,92.37,72.51,81.16,64.5,77.4,77.4,91.09,76.81,60.58,67.81,53.91,172.23,178.71,173.33,169.29,170.24,206.93,181.45,97.68,162.49,90.07,181.95,168.63,177.64,186.52,194.42,228.37,197.97,105.71,177.05,97.74,188.29,176.23,184.69,192.22,199.17,234.25,203.19,107.74,181.91,99.42,196.54,196.54,223.77,193.4,106.7,172.21,98.63,166.06,166.06,201.38,175.62,95.84,157.15,88.42,161.36,163.29,161.21,160.76,161.16,203.1,178.84,82.48,160.24,75.87,151.42,146.68,149.45,153.08,156.93,189.55,164.31,79.49,147.72,72.35,164.77,161.51,163.21,165.9,168.95,209.69,183.12,85.25,163.97,78.35,167.44,167.44,198.09,169.32,83.62,151.88,75.82,147.07,147.07,182.47,159.8,75.76,143.67,68.95
8,0.00018641,0.34315,299.24628,299.58943,76.65,80.06,78.2,75.39,72.94,87.77,73.16,58.18,64.71,51.73,85.03,76.75,80.49,88.27,96.39,97.81,83.51,67.28,73.38,59.5,90.38,85.07,87.4,92.03,98.57,103.97,89.9,72.84,78.9,64.24,101.27,101.27,102.03,84.24,68.22,74.15,60.64,74.37,74.37,83.3,69.01,53.62,61.23,47.88,163.76,171.46,165.42,160.09,161.0,189.55,165.93,93.52,149.22,86.03,173.32,154.09,167.52,180.03,190.56,206.39,178.68,101.47,160.67,93.49,187.62,173.52,183.64,192.41,199.62,226.11,195.5,105.72,175.81,97.52,186.03,186.03,200.11,172.8,100.77,154.44,93.02,153.76,153.76,174.02,152.83,88.34,137.54,81.26,160.13,162.51,160.09,159.43,159.45,190.47,172.36,85.03,153.67,78.99,141.68,135.46,138.98,143.97,148.98,169.55,148.88,78.07,133.57,71.03,167.38,163.18,165.44,169.0,172.35,201.99,181.38,88.27,161.73,82.02,160.84,160.84,181.57,157.14,82.98,140.37,75.29,135.67,135.67,158.54,141.83,74.21,127.17,67.51
9,0.00018455,0.32219,286.58384,286.90603,74.06,77.35,75.21,73.05,71.0,92.77,75.0,60.71,66.29,54.1,84.43,75.72,79.0,87.93,97.46,103.63,87.61,71.43,76.93,63.28,91.0,84.5,87.72,92.89,100.39,113.21,96.67,79.62,84.64,70.26,101.91,101.91,112.75,92.06,73.7,81.12,65.69,71.42,71.42,86.2,69.71,55.26,61.77,49.53,157.03,165.58,159.24,153.01,152.89,191.43,170.32,94.59,153.04,87.22,165.1,145.74,159.03,171.76,183.06,209.45,182.49,104.23,163.94,96.14,178.09,164.72,174.05,182.24,190.66,226.06,196.42,107.19,176.61,98.79,199.26,199.26,224.94,198.29,108.45,177.53,100.02,140.64,140.64,170.69,151.33,90.96,136.11,83.84,168.07,170.43,168.07,167.39,167.14,200.67,183.66,89.04,164.35,83.2,143.36,137.15,140.66,145.73,150.36,171.88,152.33,81.05,137.06,74.46,171.69,168.24,170.21,172.82,175.68,208.12,188.5,91.82,168.49,85.76,178.8,178.8,194.41,172.64,89.7,154.12,82.4,134.77,134.77,159.2,142.6,76.08,128.37,69.71
10,0.00018270,0.31229,281.29142,281.60371,76.19,79.9,77.76,74.9,72.23,77.97,65.11,51.67,57.5,46.01,83.06,72.62,77.38,87.21,97.25,86.4,74.05,59.71,64.97,52.93,91.41,85.19,88.13,93.36,100.56,97.19,84.81,69.28,74.2,61.03,99.87,99.87,89.14,72.87,60.1,64.22,53.62,69.95,69.95,67.99,56.11,43.32,49.82,38.93,137.27,144.22,137.42,134.76,136.86,160.56,140.46,83.87,125.71,77.15,153.28,128.34,145.88,162.1,175.24,187.93,161.28,96.78,144.57,88.98,173.39,156.32,169.42,178.96,186.48,215.89,184.45,103.8,165.64,95.67,161.67,161.67,171.99,146.92,93.98,130.12,85.98,121.25,121.25,136.95,120.42,77.27,107.45,70.74,139.32,141.72,139.2,138.6,139.2,172.24,153.72,79.23,137.38,73.56,127.73,118.65,123.77,131.18,138.16,156.89,138.07,76.21,124.21,69.29,148.84,143.2,146.36,150.92,155.41,186.49,165.05,84.43,147.32,78.25,141.07,141.07,160.8,138.79,79.94,123.86,72.34,115.22,115.22,137.58,122.24,70.9,109.72,64.42
11,0.00018088,0.29629,272.08167,272.37796,70.66,72.77,71.36,70.04,68.54,74.31,61.81,48.85,54.77,43.57,79.08,68.73,73.01,83.24,93.82,83.89,71.41,57.97,62.78,51.43,86.31,78.37,82.28,89.13,97.11,93.45,80.49,65.86,70.65,58.14,96.65,96.65,86.96,71.12,59.35,62.67,52.79,65.5,65.5,66.47,54.65,42.48,48.55,38.12,106.83,110.58,107.07,105.6,106.2,126.48,107.62,70.63,96.88,64.61,135.85,99.9,127.16,147.96,164.3,171.05,143.21,91.39,128.68,83.49,148.45,121.66,141.53,157.38,170.68,186.48,157.19,95.71,141.65,87.65,133.14,133.14,140.23,114.97,84.51,101.89,76.75,95.26,95.26,108.58,91.27,66.82,81.77,61.03,121.89,123.3,121.64,121.64,121.94,144.58,128.76,72.27,115.93,67.46,107.39,94.5,101.91,112.61,121.17,132.01,113.74,72.84,102.52,66.0,135.37,130.48,132.41,137.27,142.47,164.53,145.04,82.8,130.21,76.47,117.5,117.5,127.76,106.36,72.48,95.21,65.83,88.85,88.85,105.39,89.51,61.74,80.65,56.39
13,0.00017728,0.25504,248.30140,248.55644,56.73,56.75,56.67,56.72,56.83,59.41,48.72,35.94,43.46,32.41,65.06,55.33,58.67,68.53,81.13,69.16,59.29,46.09,52.35,41.22,71.75,64.15,66.45,74.5,84.84,80.01,68.65,54.33,60.43,48.28,83.42,83.42,75.5,61.77,50.93,54.54,45.46,53.9,53.9,52.74,43.54,31.26,38.92,28.39,88.66,89.92,88.26,88.43,89.7,105.82,88.59,59.29,80.77,54.19,115.06,72.23,104.95,129.24,148.8,148.58,123.99,81.76,111.47,74.69,130.42,97.59,122.03,141.26,157.88,167.41,140.66,89.18,127.09,81.61,97.14,97.14,100.36,77.53,66.02,69.18,59.57,63.82,63.82,71.2,57.48,45.96,52.06,41.95,124.63,126.0,124.66,124.42,124.51,141.37,125.69,69.4,113.51,64.62,97.38,76.39,91.63,104.9,115.25,110.09,96.2,65.28,86.66,58.73,137.41,127.85,134.29,140.81,146.61,162.0,142.97,80.3,128.49,73.86,100.46,100.46,93.13,74.63,56.85,66.88,51.38,68.66,68.66,66.35,56.78,38.42,51.61,35.34
15,0.00017375,0.23538,235.72905,235.96443,57.05,57.33,57.04,56.98,56.92,56.46,45.83,33.43,40.88,30.25,59.92,53.12,55.28,61.93,72.56,57.85,49.03,37.12,43.44,33.53,64.63,58.58,60.3,66.4,76.39,66.81,56.08,42.59,49.71,38.27,83.36,83.36,67.09,55.13,46.3,48.58,41.32,52.69,52.69,47.32,38.7,27.94,34.58,25.47,94.2,95.89,94.23,93.65,94.46,101.85,85.12,54.64,77.41,50.07,118.09,76.14,107.59,132.4,152.07,138.84,116.14,75.92,104.87,69.46,135.43,102.32,126.76,146.51,163.06,163.0,137.26,86.42,123.97,79.12,104.32,104.32,89.63,68.98,56.97,61.86,51.65,70.61,70.61,62.57,50.32,37.07,46.26,34.17,113.19,114.44,112.99,113.01,113.34,135.81,119.36,64.97,108.12,60.25,91.88,68.27,85.45,100.85,111.35,103.82,91.21,59.27,81.91,53.47,130.48,119.27,127.36,134.64,140.53,159.48,139.93,77.61,126.12,71.04,89.1,89.1,82.03,64.61,48.81,57.72,44.25,60.13,60.13,59.12,49.39,30.81,44.79,28.69
17,0.00017029,0.22027,226.36724,226.58750,49.17,49.39,49.24,49.06,49.05,57.34,44.22,31.83,39.64,28.77,50.34,44.26,46.47,52.24,60.84,57.96,46.91,35.72,41.7,32.11,55.63,50.07,51.9,57.41,65.53,66.62,53.54,40.71,47.59,36.51,73.03,73.03,65.55,52.28,43.64,46.23,38.95,43.52,43.52,47.62,36.85,26.32,33.06,23.87,90.8,92.37,91.04,90.22,91.05,93.76,76.9,51.55,70.11,47.24,114.03,71.28,102.44,129.45,149.7,132.25,109.44,72.88,98.31,66.55,131.68,97.49,122.62,143.61,160.14,156.59,130.12,83.64,117.62,76.51,100.26,100.26,82.72,62.34,54.09,55.47,48.86,66.68,66.68,54.53,43.48,33.8,39.3,31.19,112.28,113.38,112.03,112.23,112.52,132.39,117.44,64.99,106.26,60.03,86.19,62.54,78.88,95.49,106.74,98.54,85.64,57.53,77.28,51.77,128.53,117.86,124.69,132.64,139.0,156.57,137.48,78.72,123.9,71.84,88.53,88.53,81.15,63.35,48.49,56.93,43.82,55.03,55.03,53.7,45.08,29.09,41.21,26.89
19,0.00016690,0.21088,220.06536,220.27625,50.94,50.9,50.85,50.94,51.25,51.04,40.23,28.04,36.18,25.75,53.36,47.83,49.91,55.13,62.78,52.14,42.61,30.9,38.17,28.24,57.37,52.26,54.06,59.03,66.28,60.03,48.79,35.7,43.57,32.4,75.92,75.92,60.5,48.68,40.79,43.16,36.57,46.38,46.38,41.85,32.95,22.48,29.8,20.81,88.26,89.82,88.4,87.68,88.62,91.84,75.44,50.09,68.83,46.02,112.39,69.96,100.22,128.36,148.34,129.51,106.34,70.14,95.86,64.23,129.49,94.3,119.58,142.21,159.2,155.19,128.56,82.16,116.16,75.12,100.45,100.45,76.92,57.09,50.48,50.93,45.76,65.97,65.97,50.45,39.3,30.54,35.99,28.39,113.09,114.23,113.05,112.99,113.04,130.24,114.54,65.5,103.87,60.68,86.31,63.94,78.58,95.26,107.08,92.97,79.18,54.65,71.14,49.27,127.29,116.14,122.98,131.73,138.53,150.8,131.85,76.36,119.06,69.9,89.71,89.71,72.52,55.18,44.44,49.51,40.37,56.93,56.93,47.36,38.07,26.23,34.73,24.52
21,0.00016358,0.20374,215.45307,215.65681,47.12,47.07,47.05,47.13,47.37,50.77,40.39,28.28,36.2,25.6,49.23,43.55,45.63,51.03,58.97,51.48,42.46,30.51,37.87,27.57,53.88,48.74,50.54,55.51,62.9,59.96,49.3,35.84,43.91,32.24,71.86,71.86,59.93,48.15,39.9,42.55,35.59,42.63,42.63,42.29,33.54,22.63,30.14,20.59,84.14,85.75,84.16,83.63,84.29,94.44,79.77,49.68,72.99,46.19,103.06,58.22,90.7,119.78,140.53,126.2,103.81,68.84,93.38,62.93,125.15,90.23,115.64,137.68,154.45,154.32,129.18,81.38,116.99,74.77,88.56,88.56,75.98,56.65,49.32,50.41,44.66,52.7,52.7,48.46,38.45,28.6,34.98,26.54,113.07,115.0,113.1,112.86,112.56,129.07,114.47,62.34,103.87,57.93,82.35,60.28,73.89,91.47,104.02,92.43,79.99,54.18,71.95,48.77,126.96,117.21,122.96,130.76,137.42,151.21,132.36,74.19,119.7,67.83,84.55,84.55,72.71,55.74,44.71,49.8,40.26,51.8,51.8,47.07,39.32,26.44,35.66,24.43
23,0.00016033,0.19853,211.98061,212.17914,79.38,79.49,79.32,79.35,79.5,48.76,37.73,26.19,33.98,23.93,80.91,77.47,78.47,81.92,87.59,48.77,39.73,28.51,35.54,25.89,83.88,80.56,81.52,84.82,90.36,57.36,46.31,33.67,41.38,30.46,98.37,98.37,59.26,47.39,39.56,41.92,35.32,76.54,76.54,39.27,30.22,20.38,27.29,18.72,101.78,102.95,101.79,101.49,102.08,91.69,76.21,47.62,69.74,43.83,134.43,98.49,123.04,148.06,166.84,123.56,101.28,66.55,91.54,60.91,138.17,104.86,128.79,150.12,166.56,151.9,126.14,79.86,114.27,73.18,126.11,126.11,72.66,53.64,46.53,48.11,42.11,98.42,98.42,47.04,36.62,26.75,33.82,24.74,160.24,162.08,160.14,159.81,160.43,129.66,115.29,63.13,104.21,58.36,122.83,103.32,116.03,130.64,141.06,92.58,79.68,52.73,71.53,47.43,169.54,161.28,166.17,172.73,178.37,151.35,132.34,74.36,119.34,67.84,133.53,133.53,72.86,55.54,44.28,49.37,39.86,100.55,100.55,46.78,39.08,24.43,35.28,22.51
25,0.00015714,0.19379,208.85565,209.04944,47.37,47.31,47.25,47.41,47.63,46.77,35.66,25.33,31.98,23.01,49.33,43.85,45.8,51.17,58.68,46.74,37.72,27.34,33.65,24.79,53.83,48.68,50.58,55.57,62.44,55.99,44.74,32.82,39.88,29.66,69.35,69.35,55.04,43.14,36.05,38.13,32.28,42.8,42.8,36.81,27.78,18.9,25.01,17.3,71.7,73.38,71.62,71.19,72.24,91.04,73.85,47.21,67.67,43.54,98.91,54.61,85.59,115.87,137.12,123.18,99.82,66.91,90.18,61.2,116.17,78.78,105.89,129.78,147.01,152.41,125.82,79.78,113.93,73.16,83.87,83.87,72.33,52.07,46.76,46.62,42.4,50.66,50.66,46.88,34.96,26.97,32.23,25.07,126.82,129.02,126.85,126.36,126.54,137.5,120.41,66.06,108.9,60.99,86.65,62.2,78.29,96.39,109.26,91.58,78.75,52.45,70.83,47.25,138.09,128.31,134.17,141.81,148.56,156.34,136.74,75.38,123.37,68.89,89.79,89.79,69.43,51.73,42.33,46.29,38.37,56.27,56.27,45.18,34.95,23.47,31.85,21.74
27,0.00015401,0.18834,205.67771,205.86604,41.05,41.12,41.01,41.03,41.19,46.98,36.24,25.66,32.57,23.36,41.82,36.11,38.12,43.74,51.56,46.56,37.78,27.35,33.77,24.82,47.05,41.79,43.71,48.83,55.86,55.13,44.38,32.8,39.64,29.65,63.1,63.1,57.22,45.28,37.52,40.08,33.56,35.54,35.54,37.47,28.75,19.36,25.92,17.73,76.28,77.41,76.2,76.01,77.18,89.94,74.46,47.15,68.04,43.7,95.6,49.9,82.58,112.47,134.6,121.42,99.65,65.73,89.9,60.27,118.95,83.4,109.04,131.62,149.14,150.88,125.8,79.95,113.92,73.62,76.09,76.09,68.96,50.82,43.83,45.42,39.78,45.19,45.19,46.06,35.92,25.11,32.85,23.33,116.97,119.39,117.16,116.43,116.36,133.97,118.39,64.7,107.33,60.07,79.58,54.28,70.99,89.64,102.81,91.01,78.63,53.19,70.54,48.02,129.7,119.9,125.49,133.69,140.43,153.28,134.55,75.37,121.65,69.14,82.43,82.43,70.59,53.07,42.91,47.28,38.88,47.33,47.33,46.04,37.12,23.23,33.62,21.68
29,0.00015094,0.18457,203.34162,203.52619,45.22,45.16,45.22,45.22,45.3,45.11,35.67,23.53,32.12,21.54,46.37,41.45,42.96,48.0,55.28,45.22,36.93,25.86,33.09,23.57,51.1,46.23,47.89,52.73,59.5,53.92,44.03,31.0,39.36,28.13,69.05,69.05,57.07,45.37,36.99,40.22,33.14,40.53,40.53,36.26,28.05,18.04,25.41,16.66,92.11,93.21,92.13,91.8,92.88,87.51,73.6,45.73,67.43,42.28,107.78,67.26,94.9,123.64,143.74,119.64,97.9,64.63,88.54,59.21,130.44,97.89,120.73,142.65,158.27,148.92,124.26,77.96,112.69,71.63,93.48,93.48,69.6,50.65,44.8,45.53,40.67,64.13,64.13,44.71,34.14,25.65,31.55,23.75,105.31,107.05,105.42,105.05,104.92,127.68,114.72,63.69,103.43,59.06,81.38,56.26,73.15,91.37,104.05,88.9,77.0,52.69,68.75,47.34,120.34,108.5,115.89,124.89,132.56,148.92,131.04,74.89,118.05,68.46,80.83,80.83,65.42,49.7,40.74,44.16,37.0,50.4,50.4,42.28,34.53,21.73,31.12,20.25
31,0.00014794,0.18084,200.56097,200.74181,42.52,42.55,42.45,42.51,42.73,44.87,35.19,24.77,31.48,22.51,43.68,38.23,40.29,45.46,52.83,45.14,36.71,27.14,32.62,24.58,48.54,43.42,45.42,50.23,56.92,53.73,43.43,32.12,38.66,29.0,64.72,64.72,53.74,41.93,35.04,36.96,31.44,37.59,37.59,35.57,27.5,19.05,24.58,17.42,84.79,86.62,85.06,84.24,84.85,83.96,69.19,44.54,63.4,41.02,105.75,63.8,92.63,121.8,143.05,117.97,96.09,63.71,87.04,58.33,126.03,91.05,115.85,138.91,155.72,147.54,122.18,77.18,110.8,70.76,90.23,90.23,65.35,47.49,42.41,42.73,38.35,61.0,61.0,42.1,32.09,23.55,29.86,21.82,110.12,111.72,109.82,109.91,110.47,132.26,118.06,64.95,106.66,60.07,80.72,55.4,72.19,90.8,103.96,87.46,75.81,51.26,67.95,46.06,125.95,113.76,121.5,130.56,138.32,153.51,135.26,75.8,122.0,69.16,84.23,84.23,68.11,51.39,41.5,45.64,37.43,50.32,50.32,41.81,35.16,20.67,31.91,19.22
33,0.00014500,0.17698,198.40591,198.58289,41.53,41.68,41.46,41.48,41.63,41.74,32.87,22.22,29.55,20.39,42.52,37.25,39.05,44.28,51.71,43.02,35.13,25.03,31.34,22.82,47.16,42.11,43.89,48.83,55.87,50.59,41.17,29.54,36.78,26.87,61.2,61.2,51.03,39.83,32.9,35.23,29.54,36.59,36.59,33.54,25.86,16.89,23.26,15.59,70.84,72.21,70.59,70.51,71.63,85.48,70.93,43.55,65.25,40.19,92.7,47.43,79.15,109.65,132.16,118.56,96.49,63.31,87.48,58.08,113.82,77.09,103.09,127.23,145.24,147.78,122.73,76.4,111.29,70.03,75.75,75.75,67.91,49.3,42.98,44.56,39.08,43.37,43.37,44.22,33.31,22.82,31.19,21.41,116.78,118.32,116.63,116.55,117.16,127.61,113.84,62.42,102.98,58.02,78.39,51.78,69.71,89.11,102.01,89.1,76.2,51.84,68.24,46.71,130.97,120.36,126.98,135.07,141.81,151.6,132.84,74.86,119.94,68.54,83.68,83.68,68.81,50.98,42.52,45.37,38.59,47.2,47.2,42.67,34.31,20.95,31.22,19.64
35,0.00014211,0.17444,196.46235,196.63679,53.38,53.33,53.36,53.42,53.45,41.47,32.02,21.85,28.77,19.99,55.75,51.1,52.67,57.32,63.84,42.8,34.26,24.89,30.53,22.62,59.06,54.28,56.09,60.67,66.98,50.77,40.71,29.54,36.34,26.77,74.75,74.75,49.66,38.09,31.56,33.69,28.35,50.52,50.52,32.78,24.65,16.39,22.15,15.1,101.58,103.19,101.98,101.13,101.42,81.69,68.01,42.96,62.4,39.69,120.5,81.74,107.78,135.47,156.12,117.48,95.93,62.56,86.87,57.35,139.44,107.05,129.7,151.38,167.64,145.81,121.23,76.21,109.83,69.94,106.95,106.95,63.3,45.88,41.14,41.36,37.28,78.67,78.67,39.19,29.69,21.91,27.71,20.32,112.94,113.99,112.81,113.02,113.01,129.7,116.14,62.96,104.92,58.69,91.17,67.85,82.99,100.5,113.28,86.28,74.27,50.22,66.5,45.22,129.44,117.24,124.8,134.14,142.15,151.38,133.4,74.41,120.26,68.17,91.87,91.87,63.83,48.12,38.88,42.84,35.16,63.22,63.22,39.89,32.99,19.36,30.0,18.11
37,0.00013928,0.17071,194.79803,194.96874,51.5,51.61,51.53,51.44,51.48,42.71,32.58,22.35,29.25,20.43,52.73,47.86,49.59,54.36,61.06,43.4,34.53,24.82,30.82,22.55,56.55,51.93,53.61,58.06,64.42,51.01,40.59,29.18,36.26,26.48,73.11,73.11,52.21,40.01,33.15,35.36,29.72,47.33,47.33,34.36,25.59,17.3,22.99,15.86,96.82,98.25,97.22,96.38,96.68,83.48,69.13,43.05,63.5,39.77,117.76,76.22,105.01,133.48,154.37,118.95,96.74,62.98,87.67,57.83,135.64,101.46,125.76,148.11,164.69,146.76,121.28,76.12,110.02,69.86,102.43,102.43,63.38,45.5,41.13,41.05,37.39,73.2,73.2,39.63,29.83,22.0,27.9,20.64,113.33,115.09,113.27,112.99,113.4,130.0,116.29,62.94,105.18,58.54,88.83,62.42,80.53,99.18,112.23,87.73,75.42,51.39,67.51,46.32,129.67,116.54,124.99,134.64,142.56,151.42,133.48,74.24,120.58,68.01,90.09,90.09,63.79,47.37,39.68,42.2,35.96,57.47,57.47,38.72,31.22,19.48,28.49,18.31
39,0.00013651,0.16836,193.32455,193.49291,35.37,35.28,35.29,35.4,35.57,41.21,31.45,21.07,28.38,19.45,36.47,30.56,32.86,38.52,46.03,41.82,33.46,23.93,29.94,21.81,41.57,36.12,38.22,43.44,50.51,49.66,39.58,28.25,35.45,25.76,56.17,56.17,49.54,38.1,31.5,33.76,28.3,29.72,29.72,32.43,24.31,15.98,21.95,14.79,74.75,76.47,74.65,74.33,75.22,84.64,70.58,42.7,64.96,39.42,95.24,48.18,81.33,112.95,135.56,117.26,95.8,62.13,86.76,56.99,117.13,80.23,106.51,130.59,148.4,145.75,121.16,75.67,109.99,69.47,74.86,74.86,63.24,45.59,39.71,41.15,36.08,44.78,44.78,40.89,30.92,21.27,28.93,19.83,105.0,106.3,104.79,104.8,105.43,128.84,115.21,61.91,104.32,57.52,73.45,44.76,64.6,84.63,98.45,88.18,76.2,50.61,68.58,45.6,121.71,108.95,116.83,126.68,134.73,151.75,133.52,73.87,120.68,67.6,72.32,72.32,63.09,47.84,37.97,42.7,34.38,39.6,39.6,41.13,34.16,19.02,31.19,17.8
41,0.00013379,0.16661,191.96669,192.13330,45.59,45.71,45.5,45.55,45.81,40.64,31.42,20.97,28.36,19.28,48.82,43.22,45.38,50.76,57.88,41.98,33.45,24.23,29.88,22.05,51.34,46.13,48.16,53.13,59.77,49.77,39.9,28.44,35.74,25.87,67.83,67.83,49.65,38.08,31.66,33.74,28.46,42.99,42.99,31.99,23.74,15.86,21.43,14.67,66.38,67.98,66.06,65.92,67.3,82.54,68.15,42.41,62.73,39.12,96.89,48.08,83.09,115.14,137.97,119.03,97.41,62.43,88.34,57.32,112.01,72.22,101.24,126.28,144.98,146.6,121.47,75.47,110.33,69.22,76.99,76.99,62.47,44.47,40.67,40.14,36.88,44.93,44.93,38.08,28.47,21.39,26.62,19.96,122.75,124.76,122.75,122.29,122.65,129.22,115.32,63.33,104.2,58.73,84.44,56.66,75.65,95.52,108.47,88.56,76.73,51.34,68.92,46.23,135.59,124.37,131.11,139.98,147.45,150.88,132.55,73.38,119.79,67.11,85.55,85.55,60.46,46.22,38.77,41.02,35.0,52.11,52.11,37.51,31.46,19.05,28.62,17.74
43,0.00013113,0.16363,190.44445,190.60809,41.8,41.94,41.7,41.77,41.94,40.73,32.01,21.72,28.75,19.89,42.22,37.2,38.89,43.89,50.96,41.99,33.39,24.09,29.76,21.88,46.77,42.07,43.65,48.34,54.99,49.74,40.15,28.81,35.86,26.16,58.35,58.35,48.43,36.7,30.73,32.43,27.58,37.06,37.06,32.23,24.28,16.16,21.79,14.9,64.95,66.42,64.63,64.69,65.77,80.48,66.93,42.46,61.31,39.19,93.92,45.94,79.94,112.03,134.82,118.44,96.58,62.44,87.54,57.33,110.33,70.8,99.23,124.78,143.44,144.68,119.84,75.38,108.59,69.15,71.49,71.49,61.33,44.15,39.43,39.71,35.8,42.52,42.52,37.46,28.23,20.91,26.24,19.52,120.4,122.3,120.39,119.98,120.4,128.99,114.91,62.82,104.14,58.45,81.55,52.34,71.37,93.81,107.38,89.24,77.02,51.42,69.11,46.41,134.63,123.28,130.04,139.13,146.46,152.69,134.28,75.37,121.38,69.05,79.77,79.77,60.24,45.3,38.23,40.22,34.6,47.93,47.93,37.15,30.41,18.82,27.6,17.6
45,0.00012852,0.16279,189.57011,189.73290,52.56,52.7,52.46,52.51,52.77,41.16,30.97,20.57,27.96,19.03,55.81,51.49,53.06,57.27,63.16,42.36,33.34,23.81,29.83,21.74,57.54,53.04,54.83,59.07,64.79,49.94,39.38,28.21,35.25,25.71,73.54,73.54,53.41,40.96,33.51,36.26,30.11,51.12,51.12,32.61,23.84,15.26,21.6,14.22,72.24,73.64,71.83,71.91,73.08,85.73,71.72,42.62,65.9,39.46,99.67,54.44,85.59,116.9,140.14,118.32,96.73,62.02,87.77,57.01,115.14,77.31,104.34,128.95,147.5,147.35,122.63,75.91,111.25,69.65,81.8,81.8,61.93,44.28,39.18,39.9,35.62,53.19,53.19,39.1,29.4,19.98,27.48,18.84,128.66,130.54,128.53,128.19,128.91,127.64,113.17,61.37,102.49,56.93,90.4,65.03,81.24,100.89,114.1,86.44,74.77,50.4,66.92,45.53,142.1,131.5,137.63,146.25,153.94,151.37,132.97,73.38,120.2,67.13,94.51,94.51,61.76,46.1,38.51,40.85,34.98,62.04,62.04,39.4,30.38,18.54,27.59,17.46
47,0.00012596,0.16094,188.34214,188.50308,36.94,37.04,36.85,36.9,37.14,40.66,30.74,20.75,27.67,19.06,37.2,32.41,33.99,38.85,45.51,41.3,32.62,23.62,29.09,21.45,42.35,37.82,39.37,43.92,50.17,49.67,39.34,28.41,35.17,25.77,54.94,54.94,48.38,36.66,30.32,32.38,27.25,31.31,31.31,31.83,23.37,15.34,21.0,14.15,78.75,80.04,78.85,78.41,79.14,82.18,68.69,41.52,63.22,38.37,96.79,51.32,83.38,113.76,136.49,117.04,95.37,62.02,86.38,56.87,121.24,84.87,111.42,134.31,151.55,147.15,122.23,75.72,111.04,69.47,74.03,74.03,59.55,42.6,38.27,38.35,34.73,46.29,46.29,36.64,27.45,19.86,25.46,18.54,103.05,104.46,102.71,102.98,103.49,128.9,115.08,62.05,104.2,57.76,72.54,43.01,63.08,84.31,98.52,87.06,75.11,50.16,67.18,45.26,121.33,109.05,116.81,126.03,133.53,153.22,134.95,75.29,121.89,68.9,69.37,69.37,59.81,44.23,37.32,39.31,33.88,37.25,37.25,36.8,29.08,17.26,26.38,16.34
49,0.00012346,0.15919,187.21974,187.37893,42.87,42.92,42.79,42.85,43.09,39.8,30.22,20.22,27.22,18.57,44.47,39.27,41.19,46.25,53.12,40.67,31.91,22.99,28.5,20.94,48.53,43.51,45.47,50.23,56.72,48.41,38.38,27.43,34.34,24.94,61.71,61.71,48.67,36.51,30.48,32.34,27.4,38.96,38.96,31.5,22.89,15.18,20.62,14.02,63.75,64.9,63.33,63.64,64.71,81.0,67.43,41.46,61.96,38.25,91.18,41.82,76.97,109.7,133.0,116.92,95.17,61.73,86.28,56.71,110.83,70.37,100.05,125.49,143.98,146.91,121.86,75.84,110.62,69.59,70.09,70.09,59.31,41.89,37.6,37.83,34.14,39.42,39.42,36.67,26.83,19.19,25.06,17.99,119.8,121.54,119.69,119.37,119.97,129.59,116.09,63.16,105.03,58.62,80.2,51.57,70.94,91.76,105.25,88.16,75.86,50.94,67.94,45.96,134.0,122.08,129.34,138.74,146.22,153.54,135.25,74.38,122.29,68.14,83.62,83.62,61.68,45.88,38.7,40.81,35.05,47.06,47.06,37.03,28.6,17.16,26.08,16.16
51,0.00012100,0.15782,186.16270,186.32052,50.14,50.21,49.99,50.11,50.52,39.98,30.67,19.92,27.68,18.38,50.82,45.82,47.62,52.51,59.28,41.29,33.0,23.19,29.49,21.2,55.76,50.97,52.81,57.34,63.71,49.07,39.45,27.62,35.3,25.17,66.23,66.23,49.22,37.3,30.65,33.08,27.64,45.19,45.19,31.58,23.31,15.0,21.03,13.93,73.51,75.02,73.35,73.17,74.06,81.01,67.19,42.19,61.7,38.93,101.83,56.8,88.03,118.93,141.59,116.96,95.82,61.83,86.94,56.77,116.64,77.99,105.81,130.83,148.98,144.32,119.65,75.23,108.57,68.94,82.44,82.44,62.68,45.21,38.38,41.02,35.01,54.64,54.64,40.49,31.06,20.3,28.82,19.01,131.71,134.61,132.05,131.02,130.48,131.46,116.83,64.4,105.91,59.68,91.18,63.84,81.7,102.48,115.68,87.98,76.19,50.34,68.4,45.47,142.38,131.27,137.98,146.74,154.0,150.88,132.34,74.15,119.96,67.98,93.85,93.85,63.2,47.34,38.96,42.1,35.31,60.73,60.73,39.44,31.96,17.9,28.99,16.81
53,0.00011859,0.15535,185.22812,185.38347,47.73,47.71,47.72,47.74,47.82,39.31,29.77,19.73,26.85,18.2,49.69,44.94,46.64,51.3,57.79,40.82,32.01,22.89,28.56,20.85,53.3,48.65,50.41,54.87,61.01,48.42,38.43,27.29,34.39,24.85,67.09,67.09,46.92,35.17,29.14,31.13,26.22,44.18,44.18,31.19,22.56,14.69,20.32,13.59,98.97,100.5,99.48,98.6,98.37,82.51,68.74,41.89,63.11,38.74,117.29,76.97,103.92,133.06,154.22,116.43,95.02,61.64,86.24,56.66,136.27,102.4,126.33,149.04,164.98,145.22,120.56,74.96,109.5,68.76,102.0,102.0,60.46,42.97,38.86,38.81,35.28,74.26,74.26,36.36,26.8,19.6,25.04,18.28,111.92,113.62,111.68,111.65,112.05,129.33,115.39,64.55,104.28,59.75,88.29,60.62,79.3,99.58,112.74,87.13,75.2,50.05,67.38,45.26,128.42,114.3,123.38,133.77,142.39,151.47,133.07,75.13,120.22,68.67,87.75,87.75,59.92,44.6,38.1,39.6,34.52,55.73,55.73,35.9,28.4,16.71,25.77,15.78
55,0.00011623,0.15467,184.91212,185.06679,35.61,35.73,35.55,35.54,35.78,38.99,29.91,19.6,26.99,18.1,37.09,30.8,33.29,39.34,47.0,39.96,31.77,22.49,28.39,20.55,42.09,36.34,38.67,44.08,51.15,47.94,38.34,27.12,34.31,24.72,54.18,54.18,46.17,34.59,28.72,30.62,25.85,30.01,30.01,30.16,22.0,14.15,19.88,13.15,66.94,68.16,66.5,66.83,67.92,81.93,68.42,41.21,63.01,38.16,90.53,41.55,76.24,109.1,132.22,116.8,95.4,61.56,86.59,56.57,112.65,73.4,101.71,127.19,145.01,146.22,121.46,75.43,110.32,69.23,68.09,68.09,60.05,43.13,37.44,39.01,34.04,37.09,37.09,37.63,28.13,19.21,26.29,17.95,110.59,112.29,110.36,110.44,110.57,128.6,114.41,63.24,103.39,58.57,74.47,43.75,64.28,87.07,101.48,89.48,76.95,50.23,69.0,45.45,125.06,112.22,119.84,130.26,138.57,150.92,132.33,74.41,119.6,68.07,75.06,75.06,62.37,46.7,38.68,41.32,35.07,39.0,39.0,38.25,30.98,16.92,28.08,15.94
57,0.00011392,0.15320,184.05496,184.20816,36.32,36.47,36.21,36.27,36.57,39.37,30.2,20.18,27.18,18.52,37.48,31.94,34.14,39.37,46.31,40.65,32.37,23.07,28.88,20.99,42.21,37.06,39.12,43.96,50.42,48.3,38.59,27.53,34.49,25.01,53.33,53.33,47.25,35.6,29.42,31.5,26.45,31.2,31.2,31.29,23.08,15.26,20.76,14.05,63.88,65.01,63.55,63.71,64.92,79.49,65.65,40.81,60.56,37.68,89.08,39.23,74.57,107.83,131.72,117.56,95.81,61.54,87.02,56.57,110.54,71.18,99.42,124.98,143.66,145.55,120.44,74.72,109.43,68.54,63.92,63.92,59.56,42.73,38.36,38.72,34.89,33.39,33.39,36.59,27.27,19.81,25.5,18.54,110.04,110.7,109.62,110.28,110.88,126.26,112.81,62.73,102.09,58.21,75.58,44.11,65.48,88.37,102.4,89.12,76.89,51.21,69.07,46.34,127.07,114.62,122.13,131.95,140.16,152.16,133.62,75.42,120.78,69.06,76.42,76.42,61.52,46.53,40.18,41.32,36.35,38.24,38.24,35.49,29.07,17.39,26.55,16.31
59,0.00011165,0.15116,182.51549,182.66665,33.17,33.25,33.06,33.14,33.41,39.19,30.03,19.81,27.05,18.24,34.02,28.05,30.33,36.17,43.55,40.55,32.19,22.77,28.72,20.76,39.67,34.13,36.33,41.63,48.38,48.58,38.99,27.65,34.82,25.17,49.64,49.64,46.0,34.23,28.57,30.31,25.69,27.18,27.18,30.61,22.32,14.48,20.15,13.41,61.09,62.58,60.64,60.85,62.05,80.81,67.58,40.63,62.2,37.52,86.7,35.47,71.92,105.95,130.12,115.95,94.5,61.31,85.69,56.28,108.27,67.18,97.14,123.25,141.9,145.46,120.62,75.12,109.54,68.83,61.91,61.91,57.86,40.8,36.95,36.94,33.55,31.16,31.16,35.14,26.05,18.72,24.37,17.5,110.74,112.73,110.45,110.42,111.01,130.46,116.32,63.62,105.25,59.13,71.51,39.27,61.06,84.44,99.81,87.58,75.73,50.11,67.83,45.24,126.48,112.71,121.22,131.95,140.43,153.38,135.08,75.19,122.15,68.95,70.7,70.7,59.76,44.25,37.91,39.21,34.26,34.14,34.14,35.3,28.1,16.37,25.54,15.41
61,0.00010943,0.15860,187.82618,187.98478,39.26,39.43,39.2,39.2,39.38,41.49,31.39,20.76,28.32,19.1,39.35,33.62,35.78,41.33,48.72,39.98,31.58,22.32,28.22,20.36,44.11,38.78,40.82,45.93,52.86,48.02,38.16,26.84,34.18,24.44,55.77,55.77,45.26,33.82,28.1,29.99,25.32,33.15,33.15,30.71,22.22,14.18,20.08,13.16,62.93,64.15,62.55,62.69,63.94,80.17,66.66,40.77,61.34,37.68,92.7,41.88,77.2,111.92,137.05,117.37,95.84,61.71,86.91,56.68,111.15,69.88,99.8,126.01,145.51,146.19,121.14,75.12,110.0,68.82,69.19,69.19,58.42,41.39,37.5,37.48,34.1,38.21,38.21,35.22,26.29,18.93,24.55,17.77,116.13,117.06,115.63,116.39,116.89,127.77,113.73,63.0,102.98,58.47,81.69,48.19,69.79,95.71,111.78,89.79,78.08,51.49,70.16,46.6,133.66,121.19,128.44,138.74,146.8,154.43,135.87,76.6,122.88,70.27,80.41,80.41,59.6,44.39,38.7,39.34,35.03,43.59,43.59,34.31,27.39,16.6,24.86,15.65
63,0.00010725,0.14860,181.57377,181.72238,44.57,44.55,44.53,44.55,44.71,40.4,31.36,20.93,28.29,19.22,45.24,40.15,41.92,47.01,53.86,40.0,31.89,22.85,28.5,20.79,49.26,44.4,46.17,50.94,57.37,47.7,38.42,27.31,34.39,24.82,63.02,63.02,45.19,33.95,28.36,30.08,25.51,39.46,39.46,30.35,22.43,14.76,20.26,13.64,86.38,88.32,86.73,85.71,86.15,79.87,66.22,41.69,60.87,38.48,107.03,62.49,92.83,124.28,146.58,115.91,94.92,61.36,86.06,56.33,127.47,90.9,116.36,141.24,158.99,144.11,119.4,74.56,108.32,68.38,87.13,87.13,58.49,41.55,37.89,37.62,34.41,58.22,58.22,34.78,25.88,19.32,24.22,18.05,110.34,112.44,110.18,110.01,110.04,132.19,118.04,65.07,106.76,60.35,83.44,52.54,72.66,96.19,111.59,88.65,76.83,50.67,68.8,45.76,125.48,110.72,120.04,131.22,140.3,152.62,134.17,75.23,121.38,68.97,83.25,83.25,59.32,45.19,39.15,39.85,35.3,47.03,47.03,33.45,27.69,17.13,25.04,16.04
65,0.00010512,0.14719,180.47406,180.62124,32.08,32.19,32.01,32.04,32.23,39.06,29.21,19.24,26.38,17.75,33.23,26.43,29.22,35.72,43.6,40.21,31.05,22.27,27.73,20.28,38.65,32.6,35.05,40.79,48.07,47.53,37.4,26.39,33.51,24.06,49.92,49.92,44.61,32.65,27.25,28.89,24.54,25.66,25.66,30.54,21.31,13.97,19.22,12.93,60.42,61.64,59.95,60.28,61.54,80.21,66.31,40.6,61.03,37.59,87.44,35.39,72.23,107.08,131.34,117.41,95.4,61.81,86.51,56.73,109.26,67.76,97.62,124.65,143.37,146.88,121.6,75.63,110.37,69.29,61.86,61.86,57.57,40.58,36.35,36.7,33.04,30.04,30.04,35.39,25.69,18.38,24.08,17.32,110.95,112.38,110.38,110.98,111.73,130.34,115.71,63.82,104.77,59.13,73.65,39.6,62.34,87.5,103.57,89.04,76.31,51.08,68.46,46.18,126.88,113.21,121.59,132.34,140.99,153.28,134.58,75.34,121.84,68.97,71.99,71.99,59.07,43.78,37.89,38.81,34.29,33.8,33.8,35.1,26.84,16.24,24.49,15.27
67,0.00010303,0.14571,179.53780,179.68351,31.37,31.45,31.3,31.34,31.55,39.08,29.7,19.18,26.83,17.71,31.73,25.76,28.04,33.9,41.25,39.66,30.96,21.73,27.67,19.84,37.18,31.69,33.81,39.12,45.99,47.13,37.48,26.2,33.57,23.9,47.99,47.99,44.47,32.71,26.96,28.99,24.29,25.03,25.03,30.55,21.7,13.75,19.6,12.77,67.5,68.6,67.3,67.33,68.37,79.72,66.12,40.71,60.86,37.6,90.9,41.07,75.78,110.06,133.83,117.44,95.63,61.98,86.8,56.9,113.47,74.32,101.87,128.25,146.75,145.39,120.37,75.43,109.27,69.06,65.08,65.08,57.91,40.75,36.87,36.94,33.49,35.33,35.33,36.41,26.62,18.85,24.9,17.65,105.86,106.92,105.36,105.92,106.73,128.53,114.12,63.8,103.41,59.19,72.53,38.55,60.87,86.72,102.7,89.81,76.75,50.77,68.92,45.97,124.78,111.38,119.24,130.32,138.8,154.87,135.86,77.44,122.87,70.96,70.01,70.01,60.67,44.66,38.53,39.52,34.77,32.75,32.75,36.82,28.12,16.31,25.6,15.36
69,0.00010098,0.14502,179.14686,179.29188,31.32,31.49,31.27,31.25,31.45,40.09,30.36,20.43,27.34,18.78,32.22,25.58,28.29,34.67,42.32,39.96,31.36,22.53,27.99,20.5,37.61,31.5,34.03,39.81,46.89,47.77,38.04,27.16,34.0,24.69,48.94,48.94,44.2,32.48,27.31,28.73,24.57,24.56,24.56,29.98,21.42,14.05,19.3,12.98,65.05,66.36,64.86,64.75,65.85,79.42,65.61,40.32,60.36,37.37,90.47,38.99,75.04,110.23,134.2,117.68,95.8,61.92,86.86,56.88,112.49,72.37,100.66,127.49,146.37,145.89,120.58,75.26,109.36,68.94,65.26,65.26,58.97,41.71,37.47,37.63,34.06,33.54,33.54,35.64,26.16,18.64,24.39,17.53,104.11,105.6,103.43,104.16,105.25,128.22,113.46,63.85,102.79,59.19,70.65,35.1,59.28,85.03,101.29,88.91,76.34,51.28,68.54,46.44,123.66,109.83,118.19,129.16,138.0,155.11,135.97,77.71,122.99,71.15,67.45,67.45,58.46,43.14,38.77,38.22,35.09,28.79,28.79,33.79,25.77,16.99,23.51,15.91
71,0.00009897,0.14410,178.45030,178.59440,47.17,47.17,47.12,47.15,47.36,39.3,29.55,19.03,26.68,17.58,48.3,43.35,45.17,50.06,56.39,39.84,31.12,21.92,27.8,19.98,52.36,47.5,49.33,54.09,60.16,47.4,37.65,26.35,33.7,24.0,64.63,64.63,43.97,32.11,26.58,28.45,23.97,42.62,42.62,30.07,21.06,13.29,19.01,12.34,95.34,96.86,95.41,94.99,95.58,80.84,67.03,40.9,61.94,37.78,116.95,73.92,103.02,133.94,155.29,118.17,96.82,62.62,87.9,57.51,137.04,100.62,126.37,151.0,167.3,148.12,122.69,76.22,111.53,69.83,95.77,95.77,56.56,39.82,35.98,36.17,32.74,70.45,70.45,34.77,25.75,18.74,24.2,17.58,111.04,112.11,110.47,111.22,111.85,128.31,113.92,64.67,103.22,60.02,91.21,60.65,80.58,104.06,118.38,91.24,78.53,52.22,70.6,47.23,131.31,115.12,125.45,137.82,146.68,154.64,135.63,76.45,122.85,70.11,89.74,89.74,59.88,44.7,39.03,39.56,35.18,55.8,55.8,35.8,28.45,16.26,25.93,15.28
73,0.00009700,0.14253,177.76867,177.91120,30.12,30.36,30.04,30.03,30.27,40.15,30.63,20.65,27.58,18.98,30.85,24.14,26.89,33.31,41.09,40.27,31.78,22.99,28.35,20.92,36.23,30.21,32.64,38.37,45.61,47.82,38.08,27.36,34.07,24.88,46.61,46.61,44.38,32.66,27.37,28.9,24.64,23.1,23.1,30.4,22.12,14.74,19.91,13.61,62.85,64.17,62.42,62.68,63.89,78.5,65.44,40.49,60.25,37.44,87.91,34.25,71.99,108.39,133.15,118.02,96.17,62.3,87.25,57.21,111.27,69.76,99.12,126.78,146.24,146.4,121.19,75.43,110.07,69.22,59.64,59.64,56.7,39.73,36.43,36.12,33.1,28.44,28.44,34.01,24.96,19.19,23.41,17.83,108.72,109.83,108.4,108.73,109.42,132.25,118.17,66.08,106.95,61.21,71.64,35.27,59.15,86.74,103.69,90.06,77.95,51.56,69.93,46.63,125.88,111.05,119.78,132.0,141.45,156.56,137.9,77.51,124.76,70.97,69.71,69.71,59.29,44.43,39.0,39.32,35.17,29.61,29.61,33.2,26.97,16.43,24.5,15.35
75,0.00009507,0.14145,176.93250,177.07395,32.31,32.4,32.22,32.29,32.52,38.72,29.57,19.47,26.65,17.94,32.97,26.73,29.21,35.22,42.72,39.37,31.06,22.09,27.72,20.14,38.51,32.77,35.1,40.52,47.48,46.78,37.43,26.35,33.49,24.01,48.78,48.78,43.74,32.17,27.09,28.45,24.38,25.7,25.7,29.87,21.53,14.13,19.4,13.06,62.38,63.49,61.91,62.23,63.68,80.18,66.42,40.49,61.12,37.5,90.4,35.38,74.44,111.54,136.01,119.59,97.58,62.99,88.63,57.89,112.03,69.93,99.98,127.91,146.71,148.06,122.67,76.03,111.36,69.77,63.64,63.64,57.29,40.19,36.86,36.42,33.52,29.95,29.95,34.31,25.23,18.25,23.68,17.17,111.87,112.54,111.21,112.16,113.06,130.09,115.3,64.07,104.3,59.51,76.63,39.51,63.46,92.42,109.56,91.99,79.46,51.85,71.51,47.0,129.46,115.01,123.57,135.58,144.36,155.88,136.84,76.8,123.81,70.45,75.39,75.39,59.99,43.89,39.27,38.89,35.43,33.9,33.9,34.34,26.39,16.49,24.07,15.43
77,0.00009318,0.14019,176.16630,176.30649,33.74,33.88,33.68,33.67,33.9,39.6,30.06,19.56,27.11,18.03,34.24,28.26,30.56,36.41,43.65,40.21,31.64,22.23,28.27,20.27,39.51,33.96,36.17,41.49,48.2,47.75,38.08,26.8,34.05,24.39,48.53,48.53,43.83,32.19,26.52,28.55,23.89,27.46,27.46,30.11,21.56,13.54,19.5,12.56,74.16,75.69,74.08,73.79,74.68,79.88,66.3,40.39,61.09,37.4,96.89,48.32,81.86,115.85,138.8,117.42,95.8,61.73,86.93,56.69,118.84,80.35,107.24,133.43,151.64,146.38,121.13,75.64,110.02,69.4,71.76,71.76,56.61,39.98,35.74,36.29,32.51,43.74,43.74,34.16,24.95,17.71,23.38,16.66,103.24,104.54,102.34,103.36,104.59,128.51,114.33,64.04,103.41,59.43,75.05,38.87,62.58,90.47,106.48,91.34,78.35,51.83,70.4,46.92,123.45,107.21,117.22,130.09,139.66,155.5,136.06,76.43,123.17,70.11,71.25,71.25,59.22,43.49,38.92,38.46,35.19,32.24,32.24,33.37,25.36,15.6,23.04,14.73
79,0.00009132,0.13953,175.65547,175.79501,30.6,30.61,30.5,30.57,30.88,38.93,29.37,19.17,26.52,17.66,32.17,25.75,28.43,34.45,41.98,39.94,31.32,22.25,27.95,20.25,37.22,31.28,33.74,39.32,46.37,47.68,37.84,26.87,33.84,24.43,48.31,48.31,43.76,32.12,26.67,28.41,24.01,24.73,24.73,29.7,21.05,13.43,19.0,12.43,71.53,72.59,71.15,71.45,72.56,79.68,66.17,40.35,61.1,37.4,94.54,44.47,78.7,114.09,138.18,118.4,96.43,62.21,87.54,57.17,118.02,79.14,106.66,132.6,150.92,147.35,121.83,76.28,110.75,69.95,69.01,69.01,58.11,40.96,36.55,37.28,33.31,39.31,39.31,35.47,25.92,18.47,24.33,17.36,102.58,103.49,101.77,102.76,103.87,128.96,114.97,63.61,104.0,59.06,74.12,38.74,62.0,88.5,105.93,90.87,78.2,52.53,70.19,47.47,125.14,110.28,119.27,130.91,140.68,158.95,139.25,78.43,125.87,71.82,70.25,70.25,58.7,43.75,38.32,38.78,34.57,33.06,33.06,34.98,27.09,16.3,24.76,15.23
81,0.00008950,0.13930,176.01985,176.15916,35.26,35.34,35.21,35.24,35.38,39.35,29.19,19.04,26.38,17.59,35.59,30.18,32.2,37.5,44.41,39.43,30.56,21.52,27.35,19.66,40.63,35.43,37.47,42.44,48.96,47.08,37.03,25.99,33.2,23.7,50.35,50.35,43.41,31.59,26.1,28.03,23.54,29.33,29.33,29.92,20.72,13.06,18.75,12.15,65.28,66.51,64.84,65.06,66.35,79.95,66.42,40.33,61.26,37.38,89.93,37.84,74.65,109.91,134.02,118.22,96.44,61.84,87.52,56.8,112.06,71.39,100.59,126.97,146.03,146.81,121.46,75.77,110.39,69.5,62.87,62.87,56.18,39.42,35.52,35.82,32.31,33.29,33.29,33.43,24.16,17.54,22.7,16.43,109.56,110.76,108.91,109.58,110.53,130.5,115.22,63.94,104.29,59.37,76.95,40.96,64.72,91.72,109.07,92.71,80.05,52.62,71.9,47.61,127.46,111.53,121.46,133.86,143.46,156.7,136.95,76.61,124.0,70.18,75.37,75.37,60.28,44.42,39.39,39.24,35.57,36.36,36.36,34.19,26.47,15.76,24.01,14.83
83,0.00008772,0.13739,174.60803,174.74542,33.18,33.35,33.11,33.1,33.37,39.09,29.41,19.56,26.52,18.0,34.04,28.32,30.43,36.11,43.31,39.93,31.2,22.38,27.88,20.37,39.01,33.63,35.65,40.94,47.71,47.5,37.65,26.9,33.68,24.46,48.58,48.58,43.67,31.88,26.75,28.21,24.06,27.32,27.32,30.05,21.21,13.94,19.14,12.87,71.88,73.15,71.75,71.58,72.6,80.32,66.89,40.5,61.67,37.52,94.47,42.7,78.16,114.93,139.14,119.52,97.52,62.75,88.53,57.6,118.49,77.91,106.29,134.0,152.72,148.81,123.34,76.26,112.15,69.92,66.9,66.9,56.02,39.52,36.13,35.83,32.85,37.07,37.07,33.2,24.42,17.76,22.94,16.67,104.64,106.57,104.19,104.24,105.34,128.55,114.78,64.29,103.77,59.67,76.07,37.92,62.71,92.08,110.12,92.97,80.01,53.47,71.87,48.37,126.33,108.79,119.37,133.59,143.92,158.5,138.92,78.12,125.76,71.58,70.21,70.21,58.06,43.02,38.37,37.96,34.64,32.18,32.18,33.03,25.8,15.61,23.43,14.68
85,0.00008598,0.13602,173.91426,174.05027,47.51,47.51,47.45,47.49,47.66,38.77,28.99,18.93,26.18,17.48,49.65,45.16,46.63,51.2,57.5,39.01,30.4,21.57,27.15,19.67,52.41,47.81,49.42,54.01,60.22,46.9,37.06,26.07,33.19,23.77,65.98,65.98,43.11,31.23,26.22,27.64,23.6,44.9,44.9,29.33,20.53,13.13,18.53,12.17,91.64,93.21,91.8,91.25,91.7,79.54,66.02,40.13,60.92,37.19,113.76,69.76,99.02,131.44,153.3,119.29,97.11,62.46,88.19,57.4,134.11,96.89,122.76,148.3,165.92,148.61,122.73,76.14,111.59,69.83,91.57,91.57,56.84,39.75,36.53,36.03,33.2,66.18,66.18,34.16,24.73,17.62,23.28,16.65,110.76,112.21,110.24,110.5,111.64,131.6,117.15,65.08,105.99,60.35,91.02,57.61,79.25,105.11,121.1,94.02,81.08,53.71,72.74,48.63,131.63,112.75,124.64,139.13,149.91,158.77,139.26,76.94,126.04,70.57,88.09,88.09,60.35,44.7,40.07,39.49,36.26,52.37,52.37,33.75,25.94,15.19,23.66,14.43
87,0.00008427,0.13600,174.04979,174.18579,47.62,47.69,47.52,47.59,47.87,39.5,29.77,19.6,26.85,18.1,47.54,42.91,44.49,49.12,55.5,39.17,30.44,21.47,27.22,19.61,52.58,48.03,49.76,54.1,60.09,47.3,37.52,26.64,33.54,24.26,61.14,61.14,43.15,31.43,26.01,27.86,23.47,42.42,42.42,29.55,20.86,13.17,18.86,12.27,69.33,70.43,68.89,69.08,70.36,78.72,65.63,40.05,60.41,36.93,102.01,54.0,86.81,120.68,144.13,118.16,96.5,61.78,87.62,56.76,115.86,74.76,103.88,130.98,150.94,146.3,120.95,75.7,109.87,69.26,80.62,80.62,56.75,39.94,36.21,36.22,32.88,52.18,52.18,34.24,24.89,17.42,23.43,16.39,131.2,132.39,130.56,131.09,132.34,132.9,119.15,67.1,107.5,62.21,91.9,60.2,79.88,105.35,122.06,91.07,78.5,52.57,70.38,47.57,147.6,134.39,142.23,152.83,161.29,160.77,142.07,79.39,128.25,72.7,96.62,96.62,59.9,44.62,40.23,39.36,36.37,57.46,57.46,33.88,25.62,14.97,23.37,14.3
89,0.00008259,0.13500,173.10558,173.24058,28.42,28.56,28.36,28.35,28.6,37.99,28.73,18.76,25.96,17.33,29.43,22.86,25.51,31.86,39.54,38.95,30.53,21.59,27.29,19.69,34.7,28.71,31.13,36.83,44.05,46.11,36.76,25.93,32.92,23.64,45.02,45.02,42.87,31.15,26.02,27.58,23.44,21.96,21.96,29.51,20.77,13.28,18.77,12.32,68.66,70.15,68.47,68.38,69.32,81.43,67.65,40.67,62.38,37.65,92.08,39.05,76.28,112.66,136.68,119.78,97.85,62.33,88.92,57.27,115.88,74.52,103.78,131.53,150.46,148.77,123.22,76.32,112.03,69.97,63.25,63.25,56.91,40.16,35.55,36.55,32.32,33.09,33.09,34.19,25.38,17.57,23.82,16.43,109.48,111.09,108.78,109.26,110.41,135.96,120.74,67.94,109.05,62.94,75.43,36.25,62.49,91.74,109.52,95.36,81.96,53.72,73.5,48.7,126.91,109.06,120.22,134.05,144.86,160.06,140.25,78.38,126.71,71.84,71.1,71.1,60.8,44.74,39.45,39.52,35.65,30.03,30.03,34.9,27.14,15.42,24.61,14.64
91,0.00008095,0.13394,172.54263,172.67658,27.1,27.27,27.02,27.03,27.31,37.67,28.45,18.35,25.67,16.98,28.39,21.51,24.33,30.94,38.84,38.79,30.13,21.28,26.92,19.42,33.96,27.66,30.23,36.23,43.66,46.33,36.77,25.86,32.91,23.59,44.33,44.33,42.71,30.87,25.89,27.34,23.33,20.44,20.44,29.0,20.14,12.85,18.18,11.93,65.99,67.34,65.72,65.65,67.01,80.06,66.38,39.72,61.21,36.84,90.51,37.05,74.45,111.27,135.66,119.45,97.16,62.32,88.21,57.26,113.59,72.72,101.43,128.94,148.28,147.3,121.77,75.74,110.67,69.46,61.7,61.7,57.0,39.77,35.57,36.04,32.34,30.59,30.59,35.01,25.22,17.37,23.61,16.33,104.19,105.16,103.76,104.3,104.99,128.7,114.0,63.86,103.25,59.26,74.82,35.46,61.16,91.52,109.34,94.8,81.39,53.91,73.16,48.85,126.87,109.32,120.26,133.82,144.5,159.56,139.95,78.27,126.52,71.72,72.78,72.78,63.02,46.0,40.81,40.66,36.91,29.17,29.17,35.91,26.7,15.18,24.42,14.41
93,0.00007934,0.13367,172.68343,172.81710,31.63,31.76,31.55,31.57,31.81,38.44,28.65,18.57,25.91,17.21,32.38,26.23,28.65,34.62,41.99,39.38,30.43,21.34,27.23,19.5,37.53,31.81,34.07,39.57,46.52,46.59,36.67,25.73,32.89,23.5,46.39,46.39,42.44,30.71,25.33,27.24,22.87,25.33,25.33,29.39,20.34,12.67,18.38,11.82,66.44,67.55,66.18,66.32,67.24,78.83,65.17,39.92,60.16,36.93,91.9,38.11,75.44,112.81,137.81,120.56,98.05,62.71,88.93,57.55,115.03,72.74,102.58,130.82,150.94,148.74,122.67,76.71,111.44,70.32,62.2,62.2,56.17,38.86,36.14,35.24,32.82,31.61,31.61,32.98,23.6,17.22,22.19,16.15,109.4,110.31,108.47,109.46,111.06,133.56,119.26,66.21,107.78,61.3,77.79,36.58,63.09,95.33,114.59,97.56,83.95,54.63,75.41,49.54,130.3,111.73,122.8,137.89,149.47,162.97,142.88,78.61,129.18,72.03,71.38,71.38,59.88,43.84,39.71,38.73,35.87,29.83,29.83,33.25,25.06,14.92,22.84,14.14
95,0.00007776,0.13209,171.48834,171.62043,40.21,40.38,40.13,40.14,40.37,37.89,28.39,18.28,25.64,16.92,40.24,34.48,36.67,42.3,49.52,39.2,30.35,21.41,27.12,19.54,45.55,40.29,42.32,47.37,54.07,46.55,36.73,25.76,32.89,23.5,54.18,54.18,42.69,30.86,25.63,27.35,23.12,33.63,33.63,29.41,20.3,12.8,18.34,11.91,64.59,65.64,64.12,64.42,65.83,78.37,64.74,39.83,59.7,36.85,96.49,43.78,80.43,117.09,141.22,120.32,97.66,62.58,88.7,57.49,114.09,71.44,101.71,129.88,149.9,147.75,121.82,76.59,110.65,70.15,70.41,70.41,56.34,38.96,35.33,35.33,32.09,39.88,39.88,34.68,24.5,17.17,23.04,16.16,123.48,125.23,123.01,123.07,124.34,134.1,119.03,67.1,107.7,62.1,87.92,49.72,74.53,104.43,121.36,96.71,82.62,54.65,74.38,49.59,141.06,126.24,135.11,147.15,156.41,161.9,141.82,79.48,128.3,72.68,85.99,85.99,60.55,44.17,39.93,39.05,36.07,44.84,44.84,35.03,25.5,14.93,23.33,14.23
97,0.00007621,0.13191,171.62934,171.76125,33.04,33.21,32.95,32.97,33.26,38.74,29.06,19.21,26.25,17.75,32.87,26.53,29.02,35.19,42.77,38.78,30.11,21.57,26.9,19.66,38.56,32.75,35.07,40.63,47.66,46.03,36.53,25.82,32.73,23.55,47.83,47.83,42.38,30.57,25.7,27.06,23.16,25.73,25.73,29.05,20.13,13.13,18.16,12.19,58.65,59.79,58.15,58.41,60.01,78.72,65.25,39.76,60.1,36.8,88.95,33.15,72.85,110.39,135.23,119.98,97.49,62.42,88.51,57.28,109.81,66.35,97.59,125.96,145.43,147.86,122.34,76.26,111.17,69.88,60.9,60.9,56.38,39.21,35.84,35.53,32.5,28.14,28.14,33.89,23.92,17.06,22.44,15.93,114.29,115.67,113.59,114.06,115.36,133.36,118.86,66.33,107.4,61.55,79.97,38.15,65.73,97.88,115.95,98.3,84.04,55.67,75.35,50.32,135.15,116.8,128.05,142.8,153.38,164.5,143.98,79.69,130.09,73.0,76.66,76.66,60.38,44.36,40.17,39.08,36.24,33.21,33.21,34.24,25.36,15.1,23.01,14.25
99,0.00007469,0.13017,170.54001,170.67018,28.16,28.36,28.08,28.09,28.36,38.46,28.99,19.14,26.13,17.66,29.06,21.72,24.84,31.81,39.88,39.19,30.54,21.68,27.29,19.79,34.85,28.37,31.04,37.23,44.7,46.61,36.97,26.2,33.09,23.88,44.31,44.31,42.54,30.77,25.84,27.25,23.29,20.53,20.53,28.83,20.09,12.78,18.14,11.9,64.29,65.61,63.96,63.97,65.45,79.84,66.25,40.0,61.03,37.06,91.15,36.26,75.26,112.23,136.71,120.5,97.91,62.55,88.79,57.4,114.31,71.65,102.58,130.06,149.17,149.2,123.58,76.71,112.35,70.4,62.17,62.17,56.37,39.16,36.01,35.48,32.7,29.47,29.47,33.18,23.41,16.8,21.96,15.76,107.22,108.37,106.55,107.1,108.72,130.04,115.39,65.3,104.31,60.54,76.49,34.58,62.69,94.07,112.46,97.15,83.15,55.36,74.59,50.09,130.59,112.46,123.74,137.76,148.98,162.9,142.5,79.43,128.85,72.78,70.33,70.33,59.68,43.78,40.01,38.64,36.14,26.89,26.89,33.21,24.34,15.07,22.17,14.26
101,0.00007321,0.13011,170.66537,170.79548,29.1,29.2,29.03,29.05,29.27,37.84,28.33,18.51,25.57,17.11,29.81,23.32,25.93,32.17,39.84,38.57,29.91,21.16,26.73,19.32,35.44,29.59,31.92,37.53,44.65,46.18,36.42,25.73,32.62,23.46,45.15,45.15,42.23,30.69,25.76,27.15,23.22,22.44,22.44,28.9,20.19,12.87,18.21,11.97,68.48,69.6,68.2,68.24,69.59,78.31,64.96,39.71,59.96,36.71,92.9,40.67,77.05,112.97,137.8,118.82,96.77,62.01,87.8,56.93,116.36,75.78,104.31,131.52,150.97,147.56,122.15,75.9,111.03,69.59,64.54,64.54,56.12,38.87,35.99,35.24,32.65,33.97,33.97,32.86,23.39,17.16,21.96,16.05,106.8,108.12,106.11,106.76,108.11,132.18,117.63,66.65,106.16,61.78,76.11,36.44,62.26,92.63,111.75,95.04,81.48,54.58,73.16,49.43,127.96,111.22,121.19,134.71,145.57,160.77,141.22,79.28,127.46,72.55,73.36,73.36,60.6,44.7,40.69,39.52,36.75,29.68,29.68,32.55,24.91,14.97,22.74,14.18
103,0.00007175,0.12870,169.71320,169.84191,28.71,28.8,28.65,28.66,28.89,39.11,29.65,19.49,26.77,17.95,29.55,22.96,25.64,31.97,39.63,39.23,30.7,21.46,27.51,19.57,34.56,28.51,30.96,36.73,43.94,46.33,36.79,25.75,32.99,23.48,44.45,44.45,42.65,31.08,25.8,27.57,23.25,21.66,21.66,29.35,20.82,13.22,18.84,12.24,66.39,67.92,66.19,65.99,67.21,78.93,65.42,39.8,60.32,36.89,92.41,39.1,76.36,112.97,137.72,119.76,97.48,62.66,88.54,57.58,114.62,73.75,102.51,129.84,149.58,147.73,122.05,76.45,110.88,70.09,62.99,62.99,55.65,38.85,35.27,35.34,32.09,32.96,32.96,33.27,23.87,16.95,22.5,15.97,106.83,108.06,106.07,106.84,108.01,134.42,119.28,67.4,107.83,62.39,74.69,33.89,60.24,91.45,112.18,95.95,82.02,55.11,73.61,49.92,127.51,108.89,120.3,134.72,147.26,162.26,142.11,79.2,128.4,72.5,69.81,69.81,60.24,43.81,40.06,38.77,36.21,26.64,26.64,33.13,24.51,14.9,22.44,14.12
105,0.00007032,0.12833,169.57950,169.70783,27.82,27.97,27.72,27.77,28.07,38.68,28.9,19.01,26.11,17.55,28.2,20.99,24.04,30.82,39.04,39.08,30.28,21.27,27.07,19.42,34.43,28.0,30.68,36.69,44.31,46.41,36.69,25.79,32.85,23.53,43.42,43.42,42.56,30.63,25.63,27.14,23.08,19.78,19.78,29.15,20.2,12.84,18.26,11.91,57.8,59.03,57.22,57.6,59.25,81.06,67.36,40.56,62.12,37.53,88.66,30.23,71.89,111.22,136.43,121.68,98.93,63.68,89.85,58.49,108.7,64.85,96.09,125.0,145.32,148.8,122.81,76.85,111.68,70.45,57.27,57.27,56.74,39.61,36.0,35.99,32.69,24.68,24.68,34.04,24.42,17.18,23.05,16.16,109.94,111.51,109.2,109.72,111.08,132.49,118.18,67.32,106.65,62.3,77.86,33.15,62.9,96.79,116.07,100.05,84.98,57.34,76.32,51.97,130.16,112.03,123.04,137.7,148.5,161.78,141.46,80.46,127.72,73.55,72.16,72.16,60.9,44.81,41.09,39.59,37.09,26.7,26.7,34.1,25.21,15.18,23.02,14.41
107,0.00006892,0.12752,168.84416,168.97168,29.72,29.88,29.65,29.65,29.93,37.58,28.2,18.24,25.46,16.86,31.44,24.87,27.48,33.81,41.69,39.19,30.6,21.48,27.39,19.6,36.3,30.22,32.64,38.45,45.92,46.57,36.92,25.97,33.07,23.67,47.03,47.03,43.13,31.27,26.32,27.69,23.69,24.06,24.06,28.95,20.21,12.72,18.28,11.81,71.93,73.02,71.75,71.69,72.91,80.02,66.54,39.93,61.41,36.96,97.55,45.97,81.28,117.68,142.28,121.07,98.22,63.09,89.16,57.95,119.07,78.12,106.69,134.54,153.96,149.09,123.17,76.91,112.0,70.49,69.96,69.96,55.89,39.0,35.34,35.39,32.1,41.48,41.48,34.12,24.55,16.84,23.13,15.85,109.3,110.39,108.24,109.43,111.16,135.46,120.68,68.14,109.03,63.17,77.61,36.91,63.07,94.9,114.46,96.43,82.57,55.6,74.18,50.49,128.33,109.41,120.63,136.08,147.78,162.29,141.99,79.42,128.3,72.74,73.02,73.02,59.95,43.99,40.23,38.82,36.31,31.16,31.16,33.68,24.95,14.44,22.79,13.79
109,0.00006755,0.12691,168.51174,168.63865,28.0,28.13,27.9,27.95,28.23,38.55,28.71,18.71,25.95,17.32,28.54,21.28,24.3,31.21,39.48,39.03,30.36,21.51,27.13,19.65,34.48,28.02,30.65,36.79,44.46,46.56,36.78,25.92,32.94,23.65,43.71,43.71,42.43,30.55,25.63,27.07,23.1,20.26,20.26,28.82,20.02,12.73,18.08,11.87,59.76,60.79,59.25,59.61,61.12,79.0,65.5,39.93,60.49,37.0,88.67,30.51,71.79,111.07,136.46,121.46,98.75,63.17,89.72,58.06,112.05,67.92,99.41,128.44,148.56,150.14,124.02,77.19,112.79,70.76,55.99,55.99,55.7,38.63,35.16,35.06,31.98,23.0,23.0,33.18,23.92,16.9,22.48,15.92,108.32,109.7,107.59,108.2,109.56,130.72,116.42,65.14,105.32,60.41,76.05,31.88,60.68,94.91,114.77,98.42,83.72,56.36,75.18,51.18,130.85,112.17,123.14,138.57,150.44,162.88,142.55,79.37,128.95,72.75,71.85,71.85,60.6,43.91,40.63,38.83,36.73,25.15,25.15,33.36,24.23,14.92,22.17,14.23
111,0.00006621,0.12584,168.01199,168.13783,27.85,27.98,27.78,27.8,28.04,37.87,28.12,17.83,25.4,16.57,28.84,21.86,24.76,31.4,39.36,39.05,30.32,21.3,27.11,19.47,34.72,28.34,30.98,37.0,44.43,46.55,36.8,25.77,32.95,23.52,43.35,43.35,42.42,30.68,25.44,27.18,22.94,20.85,20.85,29.05,20.07,12.4,18.12,11.58,57.88,58.97,57.39,57.68,59.36,78.92,65.3,39.84,60.18,36.9,89.37,31.73,72.2,111.42,137.93,122.46,99.31,63.77,90.1,58.52,110.89,65.62,98.13,127.8,148.04,150.63,124.25,77.59,112.88,71.11,57.47,57.47,55.74,38.98,35.19,35.4,31.99,25.33,25.33,33.41,23.73,16.83,22.29,15.8,112.1,113.57,111.38,111.85,113.35,133.21,118.75,66.62,107.3,61.77,80.74,35.3,64.39,100.11,121.37,102.33,87.36,58.11,78.5,52.73,133.96,113.99,125.64,142.2,154.95,165.73,144.76,80.65,130.91,73.82,74.17,74.17,60.4,44.75,41.21,39.49,37.24,28.65,28.65,32.96,24.78,14.88,22.58,14.1
113,0.00006489,0.12566,167.65048,167.77614,29.4,29.53,29.3,29.35,29.64,37.56,28.14,18.3,25.4,16.92,30.46,23.51,26.48,32.99,40.83,39.05,30.45,21.56,27.21,19.67,36.2,29.87,32.58,38.45,45.74,46.16,36.67,25.88,32.82,23.59,45.08,45.08,42.7,30.82,25.88,27.28,23.29,22.56,22.56,28.76,19.98,12.68,18.02,11.78,58.21,59.22,57.71,58.03,59.77,78.46,64.83,39.66,59.74,36.76,90.2,32.1,73.11,112.75,138.39,122.36,99.53,63.48,90.46,58.37,110.77,65.78,98.1,127.51,147.91,149.5,123.41,77.13,112.13,70.69,58.36,58.36,56.71,39.49,35.44,35.84,32.19,25.62,25.62,33.74,23.84,16.65,22.41,15.69,110.2,111.18,109.42,110.34,111.7,130.84,116.03,64.86,105.02,60.22,80.67,35.07,65.06,100.01,120.35,101.75,86.82,57.42,78.11,52.14,134.4,115.31,126.97,142.28,154.06,165.85,144.87,80.33,131.15,73.64,73.43,73.43,61.16,44.63,40.47,39.5,36.6,28.56,28.56,34.51,24.66,14.92,22.57,14.2
115,0.00006360,0.12474,167.21970,167.34444,25.87,26.02,25.79,25.8,26.1,38.12,28.45,18.54,25.69,17.13,27.31,20.04,23.07,30.03,38.13,39.26,30.5,21.53,27.24,19.63,32.84,26.19,28.93,35.28,42.88,46.6,36.83,25.98,32.97,23.67,42.71,42.71,42.76,30.86,25.59,27.33,23.05,19.06,19.06,29.22,20.25,12.71,18.27,11.8,63.66,64.75,63.25,63.44,64.9,80.02,65.91,40.05,60.74,37.11,90.71,34.41,74.34,112.52,137.26,122.68,99.28,63.94,90.1,58.73,114.16,71.01,101.91,130.34,149.83,150.51,123.98,77.7,112.65,71.2,58.26,58.26,56.34,39.13,35.06,35.42,31.86,28.01,28.01,34.55,24.65,16.82,23.06,15.81,105.52,106.63,104.84,105.47,106.95,131.79,116.72,66.03,105.56,61.25,78.62,32.02,62.59,98.63,118.91,104.21,87.61,58.96,78.74,53.57,130.34,109.69,122.95,138.62,150.0,165.16,144.35,80.6,130.62,73.89,70.77,70.77,61.68,44.87,40.8,39.61,36.88,25.04,25.04,34.68,24.6,14.94,22.45,14.19
117,0.00006233,0.12591,168.66569,168.79160,30.73,30.93,30.65,30.65,30.88,37.68,28.33,18.25,25.56,16.89,31.6,24.95,27.67,34.04,41.73,38.92,30.28,21.44,27.05,19.56,37.03,30.91,33.42,39.22,46.45,46.09,36.52,25.61,32.69,23.36,45.38,45.38,42.28,30.53,25.45,27.03,22.93,24.18,24.18,28.88,20.11,12.76,18.15,11.85,61.66,62.7,61.1,61.49,63.09,79.53,65.87,39.84,60.78,36.9,89.31,32.89,72.63,110.89,136.62,121.27,98.26,63.32,89.15,58.12,112.55,68.74,99.93,128.81,149.11,150.05,123.89,77.54,112.61,71.05,57.8,57.8,55.4,38.47,35.14,34.84,31.9,26.81,26.81,32.69,23.12,16.92,21.72,15.85,114.64,115.32,113.81,114.8,116.5,133.89,118.74,66.6,107.26,61.74,82.44,38.45,66.06,101.45,122.26,102.28,86.61,58.16,77.85,52.86,136.4,116.6,128.21,144.65,157.13,166.25,145.01,80.36,131.24,73.8,76.37,76.37,61.18,44.68,40.92,39.4,36.91,32.93,32.93,33.94,24.82,14.61,22.68,13.88
119,0.00006109,0.12395,167.20849,167.33244,37.4,37.43,37.36,37.38,37.56,37.98,28.41,18.37,25.67,17.03,39.43,33.81,35.92,41.48,48.42,38.7,30.04,21.08,26.86,19.28,42.79,37.36,39.43,44.75,51.47,45.98,36.36,25.41,32.57,23.22,54.57,54.57,42.2,30.4,25.21,26.96,22.74,33.31,33.31,28.74,19.84,12.25,17.94,11.44,82.02,83.37,81.97,81.66,82.64,79.03,65.41,39.78,60.46,36.78,107.27,58.63,91.39,126.47,150.34,121.59,98.6,63.43,89.48,58.22,128.03,88.07,115.88,143.1,162.08,149.9,123.73,77.51,112.51,71.01,80.54,80.54,55.02,37.87,34.88,34.43,31.68,54.45,54.45,32.98,23.1,16.81,21.81,15.78,107.45,108.22,106.52,107.58,109.26,133.31,118.48,67.1,106.97,62.17,87.3,46.2,71.96,105.11,125.08,102.37,86.61,58.31,77.83,52.9,131.75,110.72,123.63,140.42,152.46,165.63,144.3,81.12,130.48,74.38,81.73,81.73,60.65,44.76,40.97,39.51,37.0,40.55,40.55,32.97,24.58,14.1,22.46,13.47
